Token,Lemma,POS
Detlev,Detlev,PROPN
von,von,PROPN
Liliencron,Liliencron,PROPN
Der,der,DET
letzte,letzter,ADJ
Gruß,Gruß,NOUN
Lieber,lieb,ADJ
Doktor,Doktor,NOUN
!,--,PUNCT
Meine,mein,DET
Frau,Frau,NOUN
ist,sein,AUX
so,so,ADV
abscheulich,abscheulich,ADV
gewesen,sein,AUX
",",--,PUNCT
auf,auf,ADP
acht,acht,NUM
Tage,Tag,NOUN
meine,mein,DET
Schwiegermutter,Schwiegermutter,NOUN
mir,mir,PRON
vorzuziehen,vorziehen,VERB
;,--,PUNCT
ich,ich,PRON
bin,sein,AUX
Strohwitwer,Strohwitwer,PROPN
.,--,PUNCT
Kommen,kommen,VERB
Sie,sie,PRON
",",--,PUNCT
wenn,wenn,SCONJ
irgend,irgend,ADV
möglich,möglich,ADV
",",--,PUNCT
heute,heute,ADV
abend,abend,ADV
zu,zu,ADP
mir,mir,PRON
zum,zu,ADP
Essen,essen,NOUN
.,--,PUNCT
Keine,kein,DET
Widerrede,Widerrede,NOUN
.,--,PUNCT
Ich,ich,PRON
muß,müssen,AUX
außerdem,außerdem,ADV
mir,mir,PRON
eine,ein,DET
Geschichte,Geschichte,NOUN
vom,von,ADP
Herzen,Herz,NOUN
wälzen,wälzen,VERB
",",--,PUNCT
an,an,ADP
die,der,PRON
ich,ich,PRON
seit,seit,ADP
Jahren,Jahr,NOUN
nicht,nicht,PART
dachte,denken,VERB
",",--,PUNCT
und,und,CCONJ
die,der,PRON
heute,heute,ADV
durch,durch,ADP
ein,ein,DET
paar,paar,DET
Hebbelsche,Hebbelsch,ADJ
Strophen,Strophe,NOUN
mir,mir,PRON
dermaßen,dermaßen,ADV
wieder,wieder,ADV
vor,vor,ADP
die,der,DET
Seele,Seele,NOUN
gerückt,rücken,VERB
ist,sein,AUX
",",--,PUNCT
daß,daß,SCONJ
ich,ich,PRON
mich,mich,PRON
durch,durch,ADP
ihre,ihr,DET
Erzählung,Erzählung,NOUN
frei,frei,ADV
machen,machen,VERB
muß,müssen,AUX
.,--,PUNCT
Sie,sie,PRON
kennen,kennen,VERB
mich,mich,PRON
ja,ja,ADV
.,--,PUNCT
Übrigens,übrigens,ADV
sind,sein,AUX
auch,auch,ADV
die,der,DET
ersten,erster,ADJ
Metzer,Metzer,NOUN
Spargel,Spargel,NOUN
angekommen,ankommen,VERB
.,--,PUNCT
Ihr,ihr,DET
ergebenster,ergebenst,ADV
Fehrs,Fehr,NOUN
.,--,PUNCT
War,sein,AUX
das,der,PRON
wieder,wieder,ADV
ein,ein,DET
Schlußunsinn,Schlußunsinn,NOUN
.,--,PUNCT
Hebbel,Hebbel,PROPN
und,und,CCONJ
Spargel,Spargel,NOUN
.,--,PUNCT
Trotz,trotz,ADP
unserer,unser,DET
jahrelangen,jahrelang,NOUN
Bekanntschaft,Bekanntschaft,ADV
blieb,bleiben,VERB
mir,mir,PRON
mein,mein,DET
Freund,Freund,NOUN
",",--,PUNCT
der,der,DET
Kommerzienrat,Kommerzienrat,NOUN
Fehrs,Fehr,PROPN
",",--,PUNCT
ein,ein,DET
Rätsel,Rätsel,NOUN
.,--,PUNCT
━,━,DET
━,━,PROPN
━,━,PROPN
━,━,DET
━,━,DET
━,━,DET
━,━,DET
━,━,DET
━,━,DET
━,━,DET
━,━,DET
━,━,DET
━,━,DET
━,━,DET
━,━,DET
━,━,DET
━,━,DET
━,━,DET
━,━,DET
━,━,DET
━,━,DET
━,━,DET
━,━,DET
━,━,DET
━,━,DET
━,━,DET
━,━,DET
━,━,DET
━,━,DET
━,━,DET
━,━,DET
━,━,DET
━,━,DET
━,━,DET
━,━,DET
━,━,DET
━,━,DET
━,━,DET
━,━,DET
━,━,DET
━,━,DET
━,━,DET
━,━,DET
━,━,DET
━,━,DET
━,━,DET
━,━,DET
━,━,DET
━,━,DET
━,━,DET
━,━,DET
━,━,DET
━,━,DET
━,━,DET
━,━,DET
━,━,DET
━,━,DET
━,━,DET
━,━,DET
━,━,DET
━,━,DET
━,━,DET
━,━,DET
━,━,DET
━,━,DET
━,━,DET
━,━,DET
━,━,DET
━,━,DET
━,━,DET
━,━,DET
━,━,DET
━,━,DET
━,━,DET
━,━,DET
━,━,PROPN
━,━,PROPN
━,━,PROPN
━,━,PROPN
Das,der,DET
Diner,Diner,NOUN
war,sein,AUX
",",--,PUNCT
wie,wie,ADP
immer,immer,ADV
",",--,PUNCT
vortrefflich,vortrefflich,ADV
gewesen,sein,AUX
.,--,PUNCT
Bald,bald,ADV
hatten,haben,AUX
wir,wir,PRON
uns,sich,PRON
ins,in,ADP
Rauchzimmer,Rauchzimmer,NOUN
zurückgezogen,zurückziehen,VERB
.,--,PUNCT
Kennen,kennen,VERB
Sie,sie,PRON
von,von,ADP
Hebbel,Hebbel,PROPN
ein,ein,DET
Gedicht,Gedicht,NOUN
",",--,PUNCT
begann,beginnen,VERB
der,der,DET
Kommerzienrat,Kommerzienrat,NOUN
:,--,PUNCT
Letzter,Letzter,ADJ
Gruß,Gruß,NOUN
?,--,PUNCT
Ich,ich,PRON
hatte,haben,AUX
es,es,PRON
bisher,bisher,ADV
nicht,nicht,PART
beachtet,beachten,VERB
.,--,PUNCT
Die,der,DET
beiden,beide,DET
letzten,letzter,ADJ
Strophen,Strophe,NOUN
lauten,lauten,VERB
:,--,PUNCT
Immer,immer,ADV
lächelnd,lächelnd,ADV
",",--,PUNCT
immer,immer,ADV
freundlich,freundlich,ADV
",",--,PUNCT
Und,und,CCONJ
erst,erst,ADV
in,in,ADP
dem,der,DET
letzten,letzter,ADJ
Schmerz,Schmerz,NOUN
Preßte,Preßte,NOUN
sie,sie,PRON
",",--,PUNCT
zusammensinkend,zusammensinkend,ADV
",",--,PUNCT
Ihre,ihr,DET
Hand,Hand,NOUN
aufs,auf,ADP
arme,arm,ADJ
Herz,Herz,NOUN
.,--,PUNCT
Ach,ach,INTJ
",",--,PUNCT
ihr,ihr,DET
Herz,Herz,NOUN
war,sein,AUX
wie,wie,ADP
ein,ein,DET
Siegel,Siegel,NOUN
:,--,PUNCT
Erst,erst,ADV
",",--,PUNCT
als,als,SCONJ
es,es,PRON
gebrochen,brechen,VERB
war,sein,AUX
",",--,PUNCT
Wurde,werden,AUX
mir,mir,PRON
sein,sein,DET
schaurig-süßes,schaurig-süßes,ADJ
",",--,PUNCT
Himmlisches,Himmlisch,ADJ
Geheimnis,Geheimnis,NOUN
klar,klar,ADV
.,--,PUNCT
Sie,sie,PRON
erschütterten,erschütteren,VERB
mich,mich,PRON
so,so,ADV
",",--,PUNCT
daß,daß,SCONJ
ich,ich,PRON
das,der,DET
Buch,Buch,NOUN
aus,aus,ADP
der,der,DET
Hand,Hand,NOUN
legen,legen,VERB
mußte,müssen,AUX
.,--,PUNCT
Die,der,DET
Erinnerung,Erinnerung,NOUN
an,an,ADP
ein,ein,DET
Ereignis,Ereignis,NOUN
in,in,ADP
meinen,mein,DET
jungen,jung,ADJ
Jahren,Jahr,NOUN
zog,ziehen,VERB
wie,wie,ADP
eine,ein,DET
dunkle,dunkel,ADJ
Wolke,Wolke,NOUN
mit,mit,ADP
großer,groß,ADJ
Schnelle,Schnelle,NOUN
zu,zu,ADP
mir,mir,PRON
her,her,ADV
.,--,PUNCT
Und,und,CCONJ
nun,nun,ADV
hören,hören,VERB
Sie,sie,PRON
:,--,PUNCT
Mein,mein,DET
Vater,Vater,NOUN
",",--,PUNCT
ein,ein,DET
wohlhabender,wohlhabend,ADJ
Kaufmann,Kaufmann,NOUN
in,in,ADP
Kiel,Kiel,PROPN
",",--,PUNCT
peinlich,peinlich,ADV
genau,genau,ADV
und,und,CCONJ
herrschsüchtig,herrschsüchtig,ADV
",",--,PUNCT
hatte,haben,AUX
mich,mich,PRON
",",--,PUNCT
den,der,DET
einzigen,einzig,ADJ
Sohn,Sohn,NOUN
",",--,PUNCT
zu,zu,ADP
seinem,sein,DET
Nachfolger,Nachfolger,NOUN
bestimmt,bestimmen,VERB
.,--,PUNCT
Ich,ich,PRON
hatte,haben,VERB
nicht,nicht,PART
die,der,DET
geringste,gering,ADJ
Neigung,Neigung,NOUN
zum,zu,ADP
Handelsfach,Handelsfach,NOUN
.,--,PUNCT
Meine,mein,DET
flehentlichen,flehentlich,VERB
Bitten,Bitte,NOUN
",",--,PUNCT
mich,mich,PRON
einen,ein,DET
anderen,anderer,ADJ
Beruf,Beruf,NOUN
wählen,wählen,VERB
zu,zu,PART
lassen,lassen,VERB
",",--,PUNCT
halfen,helfen,VERB
nichts,nichts,PRON
.,--,PUNCT
Nur,nur,ADV
das,der,DET
ertrotzte,ertrotzen,VERB
ich,ich,PRON
nach,nach,ADP
meiner,mein,DET
Abgangsprüfung,Abgangsprüfung,NOUN
",",--,PUNCT
ein,ein,DET
Jahr,Jahr,NOUN
in,in,ADP
Heidelberg,Heidelberg,PROPN
mich,mich,PRON
aufhalten,aufhalten,VERB
zu,zu,PART
dürfen,dürfen,AUX
.,--,PUNCT
Das,der,DET
frische,frisch,ADJ
Studentenleben,Studentenleben,NOUN
war,sein,AUX
mir,mir,PRON
wohltuend,wohltuend,ADV
nach,nach,ADP
der,der,DET
väterlichen,väterlich,ADJ
Zucht,Zucht,NOUN
",",--,PUNCT
ich,ich,PRON
war,sein,AUX
fleißig,fleißig,ADV
in,in,ADP
meinen,mein,DET
Arbeiten,Arbeit,NOUN
.,--,PUNCT
Da,da,ADV
traf,treffen,VERB
nach,nach,ADP
Ablauf,Ablauf,NOUN
des,der,DET
Jahres,Jahr,NOUN
der,der,DET
Befehl,Befehl,NOUN
meines,mein,DET
Vaters,Vater,NOUN
ein,ein,ADV
",",--,PUNCT
unverzüglich,unverzüglich,ADV
mich,sich,PRON
nach,nach,ADP
Hamburg,Hamburg,PROPN
zu,zu,PART
begeben,begeben,VERB
",",--,PUNCT
um,um,SCONJ
dort,dort,ADV
im,in,ADP
Bankhaus,Bankhaus,NOUN
von,von,ADP
C.,C.,PROPN
F.,F.,PROPN
Möller,Möller,PROPN
eine,ein,DET
Gehilfenstelle,Gehilfenstelle,NOUN
anzutreten,antreten,VERB
.,--,PUNCT
Mit,mit,ADP
erregtem,erregt,ADJ
Herzen,Herz,NOUN
reiste,reisen,VERB
ich,ich,PRON
ab,ab,ADP
",",--,PUNCT
meldete,melden,VERB
mich,mich,PRON
in,in,ADP
Hamburg,Hamburg,PROPN
bei,bei,ADP
meinem,mein,DET
Chef,Chef,NOUN
",",--,PUNCT
und,und,CCONJ
versuchte,versuchen,VERB
",",--,PUNCT
mich,sich,PRON
in,in,ADP
das,der,DET
ganz,ganz,ADV
neue,neu,ADJ
Geschäft,Geschäft,NOUN
zu,zu,PART
fügen,fügen,VERB
.,--,PUNCT
Wie,wie,ADV
schwer,schwer,ADV
es,es,PRON
mir,mir,PRON
wurde,werden,AUX
",",--,PUNCT
brauche,brauchen,VERB
ich,ich,PRON
kaum,kaum,ADV
zu,zu,ADP
erwähnen,erwähnen,VERB
.,--,PUNCT
Die,der,DET
Buchhalter,Buchhalter,NOUN
",",--,PUNCT
die,der,PRON
Kommis,Kommi,NOUN
",",--,PUNCT
die,der,DET
Lehrlinge,Lehrling,NOUN
waren,sein,AUX
mir,mir,PRON
zuwider,zuwider,ADV
.,--,PUNCT
Aber,aber,CCONJ
allmählich,allmählich,ADV
gewöhnte,gewöhnten,VERB
ich,ich,PRON
mich,sich,PRON
an,an,ADP
meine,mein,DET
neue,neu,ADJ
Stellung,Stellung,NOUN
.,--,PUNCT
Ich,ich,PRON
fand,finden,VERB
hier,hier,ADV
und,und,CCONJ
da,da,ADV
unter,unter,ADP
meinen,mein,DET
Mitarbeitern,Mitarbeiter,NOUN
einen,ein,DET
feinen,fein,ADJ
",",--,PUNCT
gebildeten,gebildet,ADJ
Menschen,Mensch,NOUN
.,--,PUNCT
Besonders,besonders,ADV
einer,einer,PRON
wurde,werden,AUX
mein,mein,DET
Freund,Freund,NOUN
:,--,PUNCT
Gustav,Gustav,PROPN
hatte,haben,AUX
wie,wie,ADP
ich,ich,PRON
eine,ein,DET
Universität,Universität,NOUN
besucht,besuchen,VERB
.,--,PUNCT
Das,der,PRON
war,sein,AUX
an,an,ADP
sich,sich,PRON
schon,schon,ADV
ein,ein,DET
Bindemittel,Bindemittel,NOUN
.,--,PUNCT
Nicht,nicht,PART
gerade,gerade,ADV
zu,zu,ADP
meinem,mein,DET
Vorteil,Vorteil,NOUN
hatte,haben,AUX
ich,ich,PRON
mich,sich,PRON
ihm,ihm,PRON
angeschlossen,anschließen,VERB
:,--,PUNCT
wild,wild,ADV
",",--,PUNCT
zügellos,zügellos,ADV
",",--,PUNCT
gierig,gierig,ADV
nach,nach,ADP
Genuß,Genuß,NOUN
",",--,PUNCT
suchte,suchen,VERB
er,er,PRON
in,in,ADP
mir,mir,PRON
die,der,DET
Moral,Moral,NOUN
zum,zu,ADP
Wachsen,Wachse,NOUN
zu,zu,PART
bringen,bringen,VERB
:,--,PUNCT
Wir,wir,PRON
sind,sein,AUX
nur,nur,ADV
einmal,einmal,ADV
jung,jung,ADV
",",--,PUNCT
deshalb,deshalb,ADV
wollen,wollen,AUX
wir,wir,PRON
genießen,genießen,VERB
.,--,PUNCT
Fast,fast,ADV
täglich,täglich,ADV
",",--,PUNCT
in,in,ADP
den,der,DET
Abendstunden,abendstunde,NOUN
",",--,PUNCT
machte,machen,VERB
er,er,PRON
Entdeckungsreisen,Entdeckungsreise,NOUN
",",--,PUNCT
wie,wie,SCONJ
er,er,PRON
es,es,PRON
nannte,nennen,VERB
;,--,PUNCT
er,er,PRON
zog,ziehen,VERB
dann,dann,ADV
in,in,ADP
kleinen,Kleinen,ADJ
das,der,DET
Tageslicht,Tageslicht,NOUN
scheuenden,scheuenden,VERB
Kneipen,Kneipe,NOUN
umher,umher,ADV
.,--,PUNCT
Es,es,PRON
ist,sein,AUX
überraschend,überraschend,ADV
",",--,PUNCT
sagte,sagen,VERB
er,er,PRON
mir,mir,PRON
",",--,PUNCT
was,wer,PRON
für,für,ADP
gutes,gut,ADJ
Ale,Ale,NOUN
",",--,PUNCT
welche,welcher,DET
hübschen,hübsch,ADJ
Mädchen,Mädchen,NOUN
ich,ich,PRON
zuweilen,zuweilen,ADV
finde,finden,VERB
.,--,PUNCT
Besonders,besonders,ADV
der,der,DET
Hafen,Hafen,NOUN
war,sein,AUX
seine,sein,DET
Gegend,Gegend,NOUN
",",--,PUNCT
wo,wo,SCONJ
er,er,PRON
auf,auf,ADP
»,--,PUNCT
Entdeckungen,Entdeckung,NOUN
«,--,PUNCT
ausging,ausgehen,VERB
.,--,PUNCT
Eines,ein,DET
Morgens,Morgen,NOUN
trat,treten,VERB
er,er,PRON
hastig,hastig,ADV
auf,auf,ADP
mich,mich,PRON
zu,zu,ADP
:,--,PUNCT
»,--,PUNCT
Alle,aller,DET
Wetter,Wetter,NOUN
",",--,PUNCT
Fritz,Fritz,PROPN
",",--,PUNCT
gestern,gestern,ADV
habe,haben,AUX
ich,ich,PRON
etwas,etwas,PRON
gefunden,finden,VERB
;,--,PUNCT
heute,heute,ADV
abend,abend,ADV
mußt,mußt,VERB
du,du,PRON
mit,mit,ADP
.,--,PUNCT
«,--,PUNCT
»,--,PUNCT
Was,was,PRON
denn,denn,ADV
",",--,PUNCT
Gustav,Gustav,PROPN
",",--,PUNCT
eine,ein,DET
gute,gut,ADJ
Bierquelle,Bierquelle,NOUN
?,--,PUNCT
«,--,PUNCT
»,--,PUNCT
Nein,nein,PART
",",--,PUNCT
ein,ein,DET
Mädchen,Mädchen,NOUN
;,--,PUNCT
nein,nein,PART
",",--,PUNCT
zwei,zwei,NUM
Mädchen,Mädchen,NOUN
;,--,PUNCT
nein,nein,PART
doch,doch,ADV
",",--,PUNCT
Mutter,Mutter,NOUN
und,und,CCONJ
Tochter,Tochter,NOUN
.,--,PUNCT
Beide,beide,PRON
sehen,sehen,VERB
gleich,gleich,ADV
jung,jung,ADV
aus,aus,ADP
.,--,PUNCT
Die,der,DET
Mutter,Mutter,NOUN
kann,können,AUX
nicht,nicht,PART
älter,alt,ADV
als,als,ADP
fünfunddreißig,fünfunddreißig,ADV
sein,sein,AUX
",",--,PUNCT
die,der,PRON
Tochter,Tochter,NOUN
noch,noch,ADV
nicht,nicht,PART
siebzehn,siebzehn,NUM
Jahre,Jahr,NOUN
.,--,PUNCT
«,--,PUNCT
»,--,PUNCT
Wo,wo,ADV
denn,denn,ADV
",",--,PUNCT
Gustav,Gustav,PROPN
?,--,PUNCT
«,--,PUNCT
»,--,PUNCT
In,in,ADP
irgend,irgend,ADV
einer,einer,PRON
der,der,DET
verdammten,verdammt,ADJ
kleinen,klein,ADJ
Straßen,Straße,NOUN
am,an,ADP
Hafen,Hafen,NOUN
",",--,PUNCT
Enkholz,Enkholz,NOUN
",",--,PUNCT
glaube,glauben,VERB
ich,ich,PRON
.,--,PUNCT
Himmel,Himmel,NOUN
",",--,PUNCT
saß,sitzen,VERB
da,da,ADV
eine,ein,DET
Gesellschaft,Gesellschaft,NOUN
zusammen,zusammen,ADV
.,--,PUNCT
Kapitäne,Kapitan,NOUN
",",--,PUNCT
Steuerleute,Steuerleute,NOUN
",",--,PUNCT
verkappte,verkappen,VERB
Polizisten,Polizist,NOUN
",",--,PUNCT
mancher,mancher,PRON
auch,auch,ADV
mit,mit,ADP
anständigem,anständig,ADJ
Gesicht,Gesicht,NOUN
.,--,PUNCT
Junges,Junge,ADJ
Mädchenvolk,Mädchenvolk,NOUN
ging,gehen,VERB
aus,aus,ADP
und,und,CCONJ
ein,ein,ADV
.,--,PUNCT
Eine,ein,DET
alte,alt,ADJ
Kupplerin,Kupplerin,NOUN
war,sein,AUX
auch,auch,ADV
dazwischen,dazwischen,ADV
",",--,PUNCT
ein,ein,DET
wahres,wahr,ADJ
Scheusal,Scheusal,NOUN
.,--,PUNCT
Sie,sie,PRON
unterhandelte,unterhandeln,VERB
fast,fast,ADV
den,der,DET
ganzen,ganz,ADJ
Abend,Abend,NOUN
mit,mit,ADP
einem,ein,DET
blassen,blasse,ADJ
",",--,PUNCT
gutgekleideten,gutgekleidet,ADJ
jungen,junge,NOUN
Herrn,Herr,NOUN
...,--,PUNCT
Und,und,CCONJ
ein,ein,DET
Gelächter,Gelächter,NOUN
",",--,PUNCT
Gesinge,Gesinge,NOUN
",",--,PUNCT
Gesaufe,Gesaufe,NOUN
.,--,PUNCT
Aber,aber,CCONJ
guter,gut,ADJ
Stoff,Stoff,NOUN
.,--,PUNCT
Revolver,Revolver,NOUN
brauchen,brauchen,VERB
wir,wir,PRON
nicht,nicht,PART
mitzubringen,mitbringen,VERB
.,--,PUNCT
Kommst,Kommst,ADV
du,du,PRON
also,also,ADV
mit,mit,ADP
",",--,PUNCT
heute,heute,ADV
abend,abend,ADV
?,--,PUNCT
«,--,PUNCT
»,--,PUNCT
Ja,ja,PART
.,--,PUNCT
«,--,PUNCT
»,--,PUNCT
Gut,gut,ADV
",",--,PUNCT
um,um,SCONJ
sieben,sieben,NUM
hole,Hol,NOUN
ich,ich,PRON
dich,dich,PRON
ab,ab,ADP
.,--,PUNCT
«,--,PUNCT
Und,und,CCONJ
abends,abends,ADV
um,um,ADP
sieben,sieben,NUM
Uhr,Uhr,NOUN
waren,sein,AUX
wir,wir,PRON
auf,auf,ADP
dem,der,DET
Wege,Weg,NOUN
nach,nach,ADP
der,der,DET
Kneipe,Kneipe,NOUN
.,--,PUNCT
Es,es,PRON
war,sein,AUX
Mitte,Mitte,NOUN
April,April,NOUN
.,--,PUNCT
Eine,ein,DET
wunderbare,wunderbar,ADJ
",",--,PUNCT
weiche,weich,ADJ
Regenstimmung,Regenstimmung,NOUN
lag,liegen,VERB
im,in,ADP
Westen,Westen,NOUN
.,--,PUNCT
Wir,wir,PRON
knöpften,knöpfen,VERB
unsere,unser,DET
Sommerüberzieher,Sommerüberzieh,ADV
auf,auf,ADP
",",--,PUNCT
weil,weil,SCONJ
es,es,PRON
zu,zu,PART
warm,warm,ADV
wurde,werden,AUX
.,--,PUNCT
Vom,von,ADP
Michaelisplatz,Michaelisplatz,NOUN
bogen,bogen,VERB
wir,wir,PRON
südlich,südlich,ADV
ab,ab,ADP
und,und,CCONJ
verloren,verlieren,VERB
uns,uns,PRON
bald,bald,ADV
in,in,ADP
engen,eng,ADJ
",",--,PUNCT
schmutzigen,schmutzig,ADJ
Straßen,Straße,NOUN
.,--,PUNCT
»,--,PUNCT
Wie,wie,ADV
lange,lange,ADV
denn,denn,ADV
noch,noch,ADV
",",--,PUNCT
Gustav,Gustav,PROPN
?,--,PUNCT
«,--,PUNCT
»,--,PUNCT
In,in,ADP
zwei,zwei,NUM
",",--,PUNCT
drei,drei,NUM
Minuten,Minute,NOUN
sind,sein,AUX
wir,wir,PRON
da,da,ADV
.,--,PUNCT
Laß,Laß,VERB
dich,dich,PRON
nicht,nicht,PART
durch,durch,ADP
dieses,dieser,DET
Schmierviertel,Schmierviertel,NOUN
abschrecken,abschrecken,VERB
",",--,PUNCT
es,es,PRON
wird,werden,AUX
wieder,wieder,ADV
besser,gut,ADV
.,--,PUNCT
«,--,PUNCT
Und,und,CCONJ
es,es,PRON
wurde,werden,AUX
auch,auch,ADV
bald,bald,ADV
»,--,PUNCT
besser,gut,ADV
«,--,PUNCT
.,--,PUNCT
Breitere,Breitere,ADJ
Straßen,Straße,NOUN
",",--,PUNCT
Plätze,Platz,NOUN
",",--,PUNCT
und,und,CCONJ
–,--,PUNCT
»,--,PUNCT
Hier,hier,ADV
",",--,PUNCT
«,--,PUNCT
sagte,sagen,VERB
Gustav,Gustav,PROPN
rasch,rasch,ADV
",",--,PUNCT
»,--,PUNCT
folge,Folge,NOUN
mir,mir,PRON
.,--,PUNCT
«,--,PUNCT
Es,es,PRON
schien,scheinen,VERB
mir,mir,PRON
nicht,nicht,PART
außergewöhnlich,außergewöhnlich,ADV
",",--,PUNCT
daß,daß,SCONJ
wir,wir,PRON
einen,ein,DET
gut,gut,ADV
erhaltenen,erhalten,ADJ
Torweg,Torweg,NOUN
durchgingen,durchgingen,VERB
.,--,PUNCT
Plötzlich,plötzlich,ADV
standen,stehen,VERB
wir,wir,PRON
auf,auf,ADP
einem,ein,DET
engen,eng,ADJ
Hofe,Hofe,NOUN
.,--,PUNCT
Aus,aus,ADP
den,der,DET
Fenstern,Fenster,NOUN
zu,zu,ADP
ebener,eben,ADJ
Erde,Erde,NOUN
links,links,ADV
drang,drang,ADV
Kreischen,Kreische,NOUN
und,und,CCONJ
Lachen,lachen,NOUN
zu,zu,ADP
uns,uns,PRON
.,--,PUNCT
»,--,PUNCT
Hast,Hast,VERB
du,du,PRON
Angst,Angst,NOUN
",",--,PUNCT
Fritz,Fritz,PROPN
?,--,PUNCT
«,--,PUNCT
»,--,PUNCT
Dummes,Dummes,PROPN
Zeug,Zeug,NOUN
",",--,PUNCT
vorwärts,vorwärts,ADV
.,--,PUNCT
«,--,PUNCT
Und,und,CCONJ
dann,dann,ADV
waren,sein,AUX
wir,wir,PRON
mitten,mitten,ADV
in,in,ADP
der,der,DET
wüsten,wüst,ADJ
Gesellschaft,Gesellschaft,NOUN
",",--,PUNCT
die,der,PRON
",",--,PUNCT
ohne,ohne,SCONJ
auf,auf,ADP
uns,uns,PRON
zu,zu,ADP
achten,achten,VERB
",",--,PUNCT
weiter,weiter,ADV
lärmte,lärmen,ADJ
und,und,CCONJ
trank,Trank,VERB
.,--,PUNCT
Es,es,PRON
war,sein,AUX
der,der,DET
Wirtin,Wirtin,NOUN
Geburtstag,Geburtstag,NOUN
",",--,PUNCT
und,und,CCONJ
wir,wir,PRON
wurden,werden,AUX
von,von,ADP
dieser,dieser,DET
",",--,PUNCT
einer,ein,DET
noch,noch,ADV
auffallend,auffallend,ADV
schönen,schön,ADJ
",",--,PUNCT
jungen,jung,ADJ
Frau,Frau,NOUN
",",--,PUNCT
eingeladen,einladen,VERB
",",--,PUNCT
ihn,ihn,PRON
mit,mit,ADP
zu,zu,PART
feiern,feiern,VERB
.,--,PUNCT
Als,als,ADP
Gustav,Gustav,PROPN
und,und,CCONJ
ich,ich,PRON
eine,ein,DET
Bowle,Bowle,NOUN
bestellt,bestellen,VERB
hatten,haben,AUX
",",--,PUNCT
setzten,setzen,VERB
wir,wir,PRON
uns,sich,PRON
",",--,PUNCT
wo,wo,SCONJ
wir,wir,PRON
Platz,Platz,NOUN
fanden,finden,VERB
.,--,PUNCT
Allerdings,allerdings,ADV
",",--,PUNCT
Gustav,Gustav,PROPN
hatte,haben,AUX
recht,Recht,NOUN
gehabt,haben,VERB
",",--,PUNCT
es,es,PRON
war,sein,AUX
eine,ein,DET
merkwürdige,merkwürdig,ADJ
Zusammensetzung,Zusammensetzung,NOUN
:,--,PUNCT
Ein,ein,DET
einäugiger,einäugig,ADJ
",",--,PUNCT
hagerer,hag,ADJ
Greis,Greis,NOUN
sang,singen,VERB
Lieder,Lied,NOUN
zur,zu,ADP
Zither,Zither,NOUN
;,--,PUNCT
oft,oft,ADV
sang,singen,VERB
er,er,PRON
allein,allein,ADV
",",--,PUNCT
oft,oft,ADV
",",--,PUNCT
namentlich,namentlich,ADV
im,in,ADP
Kehrreim,Kehrreim,PROPN
",",--,PUNCT
begleiteten,begleiten,VERB
ihn,ihn,PRON
alle,alle,PRON
.,--,PUNCT
Er,er,PRON
saß,sitzen,VERB
zwischen,zwischen,ADP
zwei,zwei,NUM
Mädchen,Mädchen,NOUN
",",--,PUNCT
die,der,PRON
ihn,ihn,PRON
am,an,ADP
Barte,Bart,NOUN
zupften,zupften,VERB
;,--,PUNCT
er,er,PRON
verteidigte,verteidigen,VERB
sich,sich,PRON
",",--,PUNCT
indem,indem,SCONJ
er,er,PRON
die,der,DET
linke,linker,ADJ
Hand,Hand,NOUN
plötzlich,plötzlich,ADV
von,von,ADP
den,der,DET
Saiten,Sait,NOUN
riß,reißen,VERB
und,und,CCONJ
ihre,ihr,DET
Finger,Finger,NOUN
schlug,schlagen,VERB
;,--,PUNCT
dadurch,dadurch,ADV
entstanden,entstehen,VERB
schreckliche,schrecklich,ADJ
Mißtöne,Mißton,NOUN
;,--,PUNCT
der,der,DET
Greis,Greis,NOUN
aber,aber,ADV
ließ,lassen,VERB
sich,sich,PRON
nicht,nicht,PART
irre,irre,NOUN
machen,machen,VERB
:,--,PUNCT
mit,mit,ADP
großer,groß,ADJ
Sicherheit,Sicherheit,NOUN
fiel,fallen,VERB
er,er,PRON
jedesmal,jedesmal,ADV
wieder,wieder,ADV
ein,ein,ADV
.,--,PUNCT
Mir,Mir,PRON
gegenüber,gegenüber,ADP
",",--,PUNCT
im,in,ADP
Sofa,Sofa,NOUN
",",--,PUNCT
saß,sitzen,VERB
kerzengerade,Kerzengerade,VERB
ein,ein,DET
bildhübscher,bildhübsch,ADJ
",",--,PUNCT
junger,jung,ADJ
Mensch,Mensch,NOUN
",",--,PUNCT
der,der,PRON
ab,ab,ADP
und,und,CCONJ
zu,zu,ADP
mit,mit,ADP
finsterem,finster,ADJ
Blick,Blick,NOUN
auf,auf,ADP
eine,ein,DET
neben,neben,ADP
ihm,ihm,PRON
sitzende,sitzend,ADJ
»,--,PUNCT
Dame,Dame,X
«,--,PUNCT
",",--,PUNCT
die,der,PRON
ihn,ihn,PRON
zärtlich,zärtlich,ADV
beobachtete,beobachten,VERB
",",--,PUNCT
hinunter,Hinunter,ADV
sah,sehen,VERB
;,--,PUNCT
er,er,PRON
war,sein,AUX
völlig,völlig,ADV
betrunken,betrunken,ADV
.,--,PUNCT
Plötzlich,plötzlich,ADV
fing,fing,VERB
er,er,PRON
an,an,ADP
mich,mich,PRON
anzustieren,anzustieren,VERB
",",--,PUNCT
dann,dann,ADV
",",--,PUNCT
mit,mit,ADP
einem,ein,DET
Ruck,Ruck,NOUN
sich,sich,PRON
erhebend,erhebend,ADV
",",--,PUNCT
daß,daß,SCONJ
die,der,DET
Gläser,Gläser,NOUN
klangen,klingen,VERB
",",--,PUNCT
sprang,springen,VERB
er,er,PRON
auf,auf,ADP
",",--,PUNCT
machte,machen,VERB
mir,mir,PRON
eine,ein,DET
tiefe,tief,ADJ
Verbeugung,Verbeugung,NOUN
und,und,CCONJ
sagte,sagen,VERB
:,--,PUNCT
»,--,PUNCT
Gestatten,gestatten,VERB
Sie,sie,PRON
",",--,PUNCT
daß,daß,SCONJ
ich,ich,PRON
mich,sich,PRON
Ihnen,ihnen,PRON
vorstelle,vorstellen,VERB
:,--,PUNCT
Graf,Graf,NOUN
Henneberg,Henneberg,PROPN
.,--,PUNCT
«,--,PUNCT
In,in,ADP
das,der,DET
Sofa,Sofa,NOUN
zurückfallend,zurückfallend,ADV
",",--,PUNCT
stierte,stieren,VERB
er,er,PRON
wieder,wieder,ADV
",",--,PUNCT
in,in,ADP
kerzengerader,kerzengerad,PRON
Haltung,Haltung,NOUN
",",--,PUNCT
vor,vor,ADP
sich,sich,PRON
hin,hin,ADV
.,--,PUNCT
Die,der,DET
alte,alt,ADJ
Vettel,Vettel,NOUN
war,sein,AUX
auch,auch,ADV
da,da,ADV
;,--,PUNCT
sie,sie,PRON
sprach,sprechen,VERB
eifrig,eifrig,ADV
einem,ein,DET
blutjungen,blutjungen,VERB
",",--,PUNCT
schwarzäugigen,schwarzäugig,ADJ
Mädchen,Mädchen,NOUN
",",--,PUNCT
das,der,PRON
den,der,DET
Kopf,Kopf,NOUN
gesenkt,senken,VERB
hatte,haben,AUX
",",--,PUNCT
zu,zu,ADP
.,--,PUNCT
Dann,dann,ADV
waren,sein,AUX
anwesend,anwesend,ADV
Kapitäne,Kapitan,NOUN
und,und,CCONJ
junge,jung,ADJ
Kaufleute,Kaufleute,NOUN
",",--,PUNCT
Gott,Gott,NOUN
weiß,wissen,VERB
",",--,PUNCT
wer,wer,PRON
alles,alle,PRON
",",--,PUNCT
zwischendurch,zwischendurch,ADV
immer,immer,ADV
",",--,PUNCT
in,in,ADP
bunter,bunt,ADJ
Reihe,Reihe,NOUN
",",--,PUNCT
kauerten,kauert,NOUN
und,und,CCONJ
lachten,lacht,ADJ
und,und,CCONJ
schrien,Schrie,NOUN
und,und,CCONJ
tranken,tranken,VERB
die,der,DET
Weiber,Weiber,PROPN
;,--,PUNCT
manches,mancher,DET
junge,jung,ADJ
Gesicht,Gesicht,NOUN
unter,unter,ADP
ihnen,ihnen,PRON
",",--,PUNCT
aber,aber,CCONJ
auch,auch,ADV
alte,alt,ADJ
",",--,PUNCT
verschminkte,verschminken,VERB
",",--,PUNCT
oft,oft,ADV
traurig,traurig,ADV
und,und,CCONJ
elend,elend,ADV
aussehende,aussehend,VERB
.,--,PUNCT
Ich,ich,PRON
sah,sehen,VERB
mich,sich,PRON
nach,nach,ADP
meinem,mein,DET
Freunde,Freund,NOUN
um,um,ADP
;,--,PUNCT
ja,ja,PART
",",--,PUNCT
wo,wo,ADV
war,sein,AUX
denn,denn,ADV
Gustav,Gustav,PROPN
?,--,PUNCT
Ich,ich,PRON
suchte,suchen,VERB
ihn,ihn,PRON
vergebens,vergebens,ADV
im,in,ADP
Kreise,Kreis,NOUN
.,--,PUNCT
Da,da,SCONJ
drang,Drang,ADV
ein,ein,DET
furchtbarer,furchtbar,ADJ
Schrei,Schrei,NOUN
aus,aus,ADP
den,der,DET
hinteren,hinterer,ADJ
Zimmern,Zimmer,NOUN
zu,zu,ADP
uns,uns,PRON
",",--,PUNCT
wie,wie,SCONJ
von,von,ADP
einem,ein,DET
Tier,Tier,NOUN
",",--,PUNCT
das,der,PRON
einen,ein,DET
plötzlichen,plötzlich,ADJ
Schmerz,Schmerz,NOUN
empfand,empfinden,VERB
.,--,PUNCT
Und,und,CCONJ
in,in,ADP
demselben,derselbe,DET
Augenblick,Augenblick,NOUN
zeigte,zeigen,VERB
sich,sich,PRON
auch,auch,ADV
in,in,ADP
der,der,DET
Tür,Tür,NOUN
aus,aus,ADP
der,der,DET
Nebenstube,Nebenstube,NOUN
ein,ein,DET
wildes,wild,ADJ
Mädchenangesicht,Mädchenangesicht,NOUN
.,--,PUNCT
Die,der,DET
kurzen,kurz,ADJ
",",--,PUNCT
schwarzen,schwarz,ADJ
Indianerhaare,Indianerhaare,NOUN
lagen,liegen,VERB
wie,wie,ADP
dunkle,dunkel,ADJ
Blumen,Blume,NOUN
um,um,ADP
die,der,DET
Stirn,Stirn,NOUN
",",--,PUNCT
grüne,grün,ADJ
Augen,Auge,NOUN
blitzten,blitzen,VERB
zu,zu,ADP
uns,uns,PRON
hinüber,hinüber,ADV
;,--,PUNCT
an,an,ADP
den,der,DET
sinnlich,sinnlich,ADV
feuchten,feucht,ADJ
Lippen,Lippe,NOUN
saß,sitzen,VERB
Blut,Blut,NOUN
.,--,PUNCT
Ich,ich,PRON
stand,stehen,VERB
wie,wie,ADP
gelähmt,gelähmt,ADV
.,--,PUNCT
»,--,PUNCT
Wat,Wat,PROPN
war,sein,AUX
dor,dor,PROPN
los,los,ADV
?,--,PUNCT
Wat,Wat,X
is,is,X
?,--,PUNCT
«,--,PUNCT
rief,rufen,VERB
die,der,DET
Wirtin,Wirtin,NOUN
.,--,PUNCT
»,--,PUNCT
Nix,nix,PROPN
",",--,PUNCT
Mudder,Mudder,PROPN
;,--,PUNCT
ich,ich,PRON
hev,hev,AUX
em,em,X
man,man,PRON
blots,blots,VERB
den,der,DET
Finger,Finger,NOUN
afbieten,afbieten,VERB
;,--,PUNCT
he,he,X
wull,Wull,X
mi,mi,X
ni,ni,X
loslaten,loslaten,VERB
.,--,PUNCT
«,--,PUNCT
Mutter,Mutter,NOUN
und,und,CCONJ
Tochter,Tochter,NOUN
",",--,PUNCT
auffallend,auffallend,ADV
sich,sich,PRON
ähnlich,ähnlich,ADV
",",--,PUNCT
standen,stehen,VERB
sich,sich,PRON
gegenüber,gegenüber,ADP
.,--,PUNCT
»,--,PUNCT
Wat,wat,PROPN
",",--,PUNCT
du,du,PRON
verdammte,verdammt,ADJ
Dirn,Dirn,NOUN
",",--,PUNCT
wat,wat,PRON
hast,haben,AUX
du,du,PRON
dahn,dahn,VERB
?,--,PUNCT
De,De,PROPN
Gäst,Gäst,PROPN
wist,wisen,VERB
du,du,PRON
mi,mi,X
herutsmiten,herutsmiten,VERB
.,--,PUNCT
Keen,Keen,PROPN
Wien,Wien,PROPN
",",--,PUNCT
keen,keen,PROPN
Beer,Beer,PROPN
ward,werden,VERB
mehr,mehr,ADV
drunken,drunken,VERB
«,--,PUNCT
–,--,PUNCT
und,und,CCONJ
hageldicht,hageldicht,VERB
fielen,fallen,VERB
die,der,DET
Hiebe,Hieb,NOUN
der,der,DET
Mutter,Mutter,NOUN
auf,auf,ADP
ihre,ihr,DET
Tochter,Tochter,NOUN
",",--,PUNCT
die,der,PRON
ihren,ihr,DET
Nacken,Nack,NOUN
willig,willig,ADV
bog,bog,VERB
.,--,PUNCT
»,--,PUNCT
Genug,Genug,ADV
",",--,PUNCT
genug,genug,ADV
",",--,PUNCT
«,--,PUNCT
rief,rufen,VERB
ich,ich,PRON
und,und,CCONJ
riß,reißen,VERB
das,der,DET
Mädchen,Mädchen,NOUN
weg,weg,ADV
zu,zu,ADP
mir,mir,PRON
",",--,PUNCT
»,--,PUNCT
noch,noch,ADV
ein,ein,DET
Schlag,Schlag,NOUN
",",--,PUNCT
Madame,Madame,NOUN
",",--,PUNCT
und,und,CCONJ
ich,ich,PRON
hole,hole,VERB
die,der,DET
Polizei,Polizei,NOUN
.,--,PUNCT
«,--,PUNCT
Ein,ein,DET
sinnbetäubendes,sinnbetäubend,ADJ
Bravo,Bravo,NOUN
erschallte,erschallen,VERB
.,--,PUNCT
Und,und,CCONJ
die,der,DET
Mutter,Mutter,NOUN
?,--,PUNCT
Nun,nun,ADV
",",--,PUNCT
die,der,DET
Mutter,Mutter,NOUN
lachte,lachen,VERB
laut,laut,ADV
",",--,PUNCT
nahm,nehmen,VERB
ein,ein,DET
Glas,Glas,NOUN
und,und,CCONJ
schrie,schreien,VERB
:,--,PUNCT
»,--,PUNCT
Der,der,DET
junge,jung,ADJ
Herr,Herr,NOUN
soll,sollen,AUX
leben,leben,VERB
!,--,PUNCT
«,--,PUNCT
Das,der,DET
Mädchen,Mädchen,NOUN
stand,stehen,VERB
noch,noch,ADV
hinter,hinter,ADP
mir,mir,PRON
",",--,PUNCT
ich,ich,PRON
hatte,haben,VERB
mit,mit,ADP
meiner,mein,DET
linken,linker,ADJ
Hand,Hand,NOUN
ihre,ihr,DET
Rechte,Recht,NOUN
umkrampft,umkrampft,ADV
.,--,PUNCT
Sie,sie,PRON
sah,sehen,VERB
mich,mich,PRON
mit,mit,ADP
großen,groß,ADJ
",",--,PUNCT
entsetzten,entsetzt,ADJ
Augen,Auge,NOUN
an,an,ADP
.,--,PUNCT
Die,der,DET
Brust,Brust,NOUN
hob,heben,VERB
und,und,CCONJ
senkte,senken,VERB
sich,sich,PRON
stürmisch,stürmisch,ADV
.,--,PUNCT
»,--,PUNCT
Wische,Wische,NOUN
dir,dir,PRON
das,der,DET
Blut,Blut,NOUN
vom,von,ADP
Munde,Mund,NOUN
",",--,PUNCT
Mädchen,Mädchen,NOUN
.,--,PUNCT
«,--,PUNCT
sagte,sagen,VERB
ich,ich,PRON
rauh,rauh,VERB
.,--,PUNCT
Sie,sie,PRON
tat,tun,VERB
es,es,PRON
mit,mit,ADP
der,der,DET
Linken,linke,NOUN
",",--,PUNCT
zuckend,zuckend,ADV
",",--,PUNCT
zitternd,zitternd,ADV
",",--,PUNCT
mich,sich,PRON
immer,immer,ADV
scheu,scheu,ADV
ansehend,ansehend,ADV
",",--,PUNCT
starr,starr,ADV
",",--,PUNCT
finster,Finster,ADV
",",--,PUNCT
trostlos,trostlos,ADV
.,--,PUNCT
Ein,ein,DET
tiefes,tief,ADJ
Mitleid,Mitleid,NOUN
regte,regen,VERB
sich,sich,PRON
in,in,ADP
mir,mir,PRON
.,--,PUNCT
Aber,aber,CCONJ
",",--,PUNCT
zum,zu,ADP
Kuckuck,Kuckuck,NOUN
",",--,PUNCT
ich,ich,PRON
hatte,haben,AUX
vergessen,vergessen,VERB
",",--,PUNCT
nach,nach,ADP
meinem,mein,DET
Freunde,Freund,NOUN
zu,zu,PART
suchen,suchen,VERB
.,--,PUNCT
War,sein,AUX
er,er,PRON
es,es,PRON
gewesen,sein,AUX
",",--,PUNCT
der,der,PRON
eben,eben,ADV
so,so,ADV
markerschütternd,markerschütternd,ADV
geschrien,geschrien,VERB
?,--,PUNCT
Ich,ich,PRON
stürzte,stürzen,VERB
ins,in,ADP
Nebengemach,Nebengemach,NOUN
.,--,PUNCT
Da,da,ADV
lag,liegen,VERB
er,er,PRON
",",--,PUNCT
ohnmächtig,ohnmächtig,ADV
.,--,PUNCT
Die,der,DET
linke,linker,ADJ
Hand,Hand,NOUN
war,sein,AUX
blutüberströmt,blutüberströmt,ADV
.,--,PUNCT
Ich,ich,PRON
untersuchte,untersuchen,VERB
sofort,sofort,ADV
.,--,PUNCT
Der,der,DET
Zeigefinger,Zeigefinger,NOUN
war,sein,AUX
nicht,nicht,PART
abgebissen,abgebissen,VERB
;,--,PUNCT
aber,aber,CCONJ
bis,bis,ADP
auf,auf,ADP
den,der,DET
Knochen,Knochen,NOUN
frei,frei,ADV
",",--,PUNCT
hing,hing,VERB
er,er,PRON
nur,nur,ADV
eben,eben,ADV
an,an,ADP
der,der,DET
Hand,Hand,NOUN
.,--,PUNCT
Es,es,PRON
hat,haben,AUX
lange,lang,ADJ
Zeit,Zeit,NOUN
gedauert,dauern,VERB
",",--,PUNCT
bis,bis,SCONJ
mein,mein,DET
Freund,Freund,NOUN
geheilt,geheilen,VERB
war,sein,AUX
.,--,PUNCT
Eine,ein,DET
Lehre,Lehre,NOUN
ist,sein,AUX
es,es,PRON
ihm,ihm,PRON
denn,denn,CCONJ
doch,doch,ADV
gewesen,sein,AUX
.,--,PUNCT
Als,als,SCONJ
ich,ich,PRON
die,der,DET
Wirtschaft,Wirtschaft,NOUN
mit,mit,ADP
meinem,mein,DET
schwerverwundeten,schwerverwundeten,ADJ
Begleiter,Begleiter,NOUN
verließ,verlassen,VERB
",",--,PUNCT
um,um,SCONJ
in,in,ADP
einer,ein,DET
Droschke,Droschke,NOUN
zum,zu,ADP
nächsten,nächster,ADJ
Arzt,Arzt,NOUN
zu,zu,PART
fahren,fahren,VERB
",",--,PUNCT
huschte,huschen,VERB
die,der,DET
junge,jung,ADJ
Tochter,Tochter,NOUN
mit,mit,ADP
den,der,DET
Eidechsenaugen,Eidechsenaug,NOUN
zu,zu,ADP
mir,mir,PRON
in,in,ADP
die,der,DET
Haustür,Haustür,NOUN
:,--,PUNCT
»,--,PUNCT
Kommen,kommen,VERB
Sie,sie,PRON
morgen,morgen,ADV
abend,abend,ADV
wieder,wieder,ADV
.,--,PUNCT
«,--,PUNCT
━,━,DET
━,━,PROPN
━,━,PROPN
━,━,DET
━,━,DET
━,━,DET
━,━,DET
━,━,DET
━,━,DET
━,━,DET
━,━,DET
━,━,DET
━,━,DET
━,━,DET
━,━,DET
━,━,DET
━,━,DET
━,━,DET
━,━,DET
━,━,DET
━,━,DET
━,━,DET
━,━,DET
━,━,DET
━,━,DET
━,━,DET
━,━,DET
━,━,DET
━,━,DET
━,━,DET
━,━,DET
━,━,DET
━,━,DET
━,━,DET
━,━,DET
━,━,DET
━,━,DET
━,━,DET
━,━,DET
━,━,DET
━,━,DET
━,━,DET
━,━,DET
━,━,DET
━,━,DET
━,━,DET
━,━,DET
━,━,DET
━,━,DET
━,━,DET
━,━,DET
━,━,DET
━,━,DET
━,━,DET
━,━,DET
━,━,DET
━,━,DET
━,━,DET
━,━,DET
━,━,DET
━,━,DET
━,━,DET
━,━,DET
━,━,DET
━,━,DET
━,━,DET
━,━,DET
━,━,DET
━,━,DET
━,━,DET
━,━,DET
━,━,DET
━,━,DET
━,━,DET
━,━,DET
━,━,PROPN
━,━,PROPN
━,━,PROPN
━,━,PROPN
Ich,ich,PRON
schlief,schlieefen,VERB
die,der,DET
Nacht,Nacht,NOUN
schlecht,schlecht,ADV
.,--,PUNCT
Die,der,DET
wüstesten,wüstest,ADJ
Bilder,Bild,NOUN
und,und,CCONJ
Träume,Traum,NOUN
schreckten,schrecken,VERB
mich,mich,PRON
aus,aus,ADP
den,der,DET
Kissen,Kissen,NOUN
.,--,PUNCT
»,--,PUNCT
Kommen,kommen,VERB
Sie,sie,PRON
morgen,morgen,ADV
abend,abend,ADV
wieder,wieder,ADV
.,--,PUNCT
«,--,PUNCT
Wer,wer,PRON
hatte,haben,AUX
denn,denn,ADV
das,der,PRON
gesagt,sagen,VERB
?,--,PUNCT
Und,und,CCONJ
ich,ich,PRON
schlief,schleieen,VERB
wieder,wieder,ADV
ein,ein,ADV
.,--,PUNCT
»,--,PUNCT
Kommen,kommen,VERB
Sie,sie,PRON
morgen,morgen,ADV
abend,abend,ADV
wieder,wieder,ADV
«,--,PUNCT
–,--,PUNCT
ich,ich,PRON
wachte,wachen,VERB
;,--,PUNCT
flüsterte,flüstern,VERB
",",--,PUNCT
raunte,raunen,VERB
es,es,PRON
mir,mir,PRON
eben,eben,ADV
wieder,wieder,ADV
ins,in,ADP
Ohr,Ohr,NOUN
?,--,PUNCT
Hastig,hastig,ADV
",",--,PUNCT
ängstlich,ängstlich,ADV
",",--,PUNCT
gepreßt,gepreßen,VERB
",",--,PUNCT
wie,wie,ADP
eine,ein,DET
Rettung,Rettung,NOUN
suchend,suchend,ADV
?,--,PUNCT
fühlte,fühlen,VERB
ich,ich,PRON
wieder,wieder,ADV
in,in,ADP
nur,nur,ADV
sekundenlanger,sekundenlang,ADJ
Berührung,Berührung,NOUN
eine,ein,DET
junge,jung,ADJ
Mädchenbrust,Mädchenbrust,NOUN
an,an,ADP
meiner,mein,DET
Schulter,Schulter,NOUN
?,--,PUNCT
»,--,PUNCT
Kommen,kommen,VERB
Sie,sie,PRON
morgen,morgen,ADV
abend,abend,ADV
wieder,wieder,ADV
.,--,PUNCT
«,--,PUNCT
Ich,ich,PRON
sprang,springen,VERB
aus,aus,ADP
dem,der,DET
Bett,Bett,NOUN
:,--,PUNCT
Den,der,DET
Teufel,Teufel,NOUN
werde,werden,AUX
ich,ich,PRON
tun,tun,VERB
.,--,PUNCT
Ich,ich,PRON
konnte,können,AUX
nicht,nicht,PART
länger,lang,ADV
schlafen,schlafen,VERB
.,--,PUNCT
Wie,wie,ADV
widerwärtig,widerwärtig,ADV
",",--,PUNCT
wie,wie,ADP
ekelhaft,ekelhaft,ADV
war,sein,AUX
das,der,PRON
Blut,Blut,NOUN
an,an,ADP
den,der,DET
jungen,jung,ADJ
",",--,PUNCT
vollen,voll,ADJ
Lippen,Lippe,NOUN
gewesen,sein,AUX
.,--,PUNCT
Aber,aber,CCONJ
den,der,DET
ganzen,ganz,ADJ
Tag,Tag,NOUN
mußte,müssen,AUX
ich,ich,PRON
an,an,ADP
das,der,DET
Mädchen,Mädchen,NOUN
denken,denken,VERB
.,--,PUNCT
Ein,ein,DET
starkes,stark,ADJ
Mitleid,Mitleid,NOUN
für,für,ADP
das,der,DET
arme,arm,ADJ
Ding,Ding,NOUN
lagerte,lageren,VERB
sich,sich,PRON
breit,breit,ADV
in,in,ADP
meinem,mein,DET
Herzen,Herz,NOUN
",",--,PUNCT
und,und,CCONJ
–,--,PUNCT
am,an,ADP
Abend,Abend,NOUN
war,sein,AUX
ich,ich,PRON
in,in,ADP
der,der,DET
Kneipe,Kneipe,NOUN
.,--,PUNCT
Es,es,PRON
saßen,sitzen,VERB
nur,nur,ADV
zwei,zwei,NUM
ältere,alt,ADJ
Herren,Herr,NOUN
im,in,ADP
Sofa,Sofa,NOUN
",",--,PUNCT
die,der,PRON
",",--,PUNCT
soviel,soviel,VERB
ich,ich,PRON
mich,sich,PRON
erinnern,erinnern,VERB
konnte,können,AUX
",",--,PUNCT
gestern,gestern,ADV
nicht,nicht,PART
in,in,ADP
unserer,unser,DET
Gesellschaft,Gesellschaft,NOUN
gewesen,sein,AUX
waren,sein,AUX
.,--,PUNCT
Die,der,DET
Wirtin,Wirtin,NOUN
mußte,müssen,AUX
mein,mein,AUX
Eintreten,eintreten,NOUN
gehört,hören,VERB
haben,haben,AUX
.,--,PUNCT
Sie,sie,PRON
erschien,erscheinen,VERB
bald,bald,ADV
",",--,PUNCT
mit,mit,ADP
herunterhängenden,herunterhängenden,ADJ
Haaren,Haar,NOUN
",",--,PUNCT
gut,gut,ADV
angezogen,anziehen,VERB
",",--,PUNCT
flink,flink,ADV
",",--,PUNCT
jugendlich,jugendlich,ADV
aussehend,aussehend,ADV
.,--,PUNCT
Lachend,lachend,ADV
trat,treten,VERB
sie,sie,PRON
zu,zu,ADP
mir,mir,PRON
",",--,PUNCT
ohne,ohne,SCONJ
Verwunderung,Verwunderung,NOUN
",",--,PUNCT
mich,mich,PRON
wieder,wieder,ADV
in,in,ADP
ihrem,ihr,DET
Restaurant,Restaurant,NOUN
zu,zu,PART
sehen,sehen,VERB
.,--,PUNCT
Sie,sie,PRON
renommierte,renommieren,VERB
wie,wie,ADP
ein,ein,DET
Mann,Mann,NOUN
:,--,PUNCT
»,--,PUNCT
Haben,haben,AUX
Sie,sie,PRON
keinen,kein,DET
Kater,Kater,NOUN
",",--,PUNCT
junger,jung,ADJ
Herr,Herr,NOUN
?,--,PUNCT
Ich,ich,PRON
habe,haben,AUX
solche,solcher,DET
Kopfweh,Kopfweh,NOUN
heute,heute,ADV
;,--,PUNCT
wir,wir,PRON
saßen,sitzen,VERB
noch,noch,ADV
bis,bis,ADP
fünf,fünf,NUM
Uhr,Uhr,NOUN
morgens,morgens,ADV
auf,auf,ADP
",",--,PUNCT
wir,wir,PRON
waren,sein,AUX
alle,alle,PRON
tüchtig,tüchtig,ADV
betrunken,betrunken,ADV
.,--,PUNCT
Hanne,Hanne,NOUN
schläft,schlafen,VERB
noch,noch,ADV
.,--,PUNCT
«,--,PUNCT
Aber,aber,CCONJ
Hanne,Hanne,NOUN
schlief,schlief,VERB
nicht,nicht,PART
",",--,PUNCT
denn,denn,CCONJ
die,der,DET
Tür,Tür,NOUN
öffnete,öffnen,VERB
sich,sich,PRON
",",--,PUNCT
und,und,CCONJ
in,in,ADP
der,der,DET
Öffnung,Öffnung,NOUN
zeigte,zeigen,VERB
sich,sich,PRON
das,der,DET
Mädel,Mädel,NOUN
",",--,PUNCT
in,in,ADP
einem,ein,DET
schwarzwollenen,Schwarzwollen,NOUN
",",--,PUNCT
bis,bis,ADP
zum,zu,ADP
Halse,Hals,NOUN
reichenden,reichend,ADJ
Kleide,Kleide,NOUN
.,--,PUNCT
Als,als,SCONJ
sie,sie,PRON
mich,mich,PRON
sah,sehen,VERB
",",--,PUNCT
floß,fließen,VERB
eine,ein,DET
Purpurwelle,Purpurwelle,NOUN
über,über,ADP
ihr,ihr,DET
Gesicht,Gesicht,NOUN
;,--,PUNCT
sie,sie,PRON
stieß,stoßen,VERB
einen,ein,DET
kreischenden,kreischend,ADJ
Schrei,Schrei,NOUN
aus,aus,ADP
",",--,PUNCT
wie,wie,SCONJ
ihn,ihn,PRON
der,der,DET
Falke,Falke,NOUN
in,in,ADP
wilder,wild,ADJ
Lust,Lust,NOUN
ausstößt,ausstößt,VERB
",",--,PUNCT
wenn,wenn,SCONJ
er,er,PRON
hoch,hoch,ADV
überm,über,ADP
Walde,Walde,NOUN
steht,stehen,VERB
im,in,ADP
Sonnenlicht,Sonnenlicht,NOUN
.,--,PUNCT
Und,und,CCONJ
dann,dann,ADV
war,sein,AUX
sie,sie,PRON
wieder,wieder,ADV
verschwunden,verschwinden,VERB
.,--,PUNCT
»,--,PUNCT
De,de,X
dumme,dummen,VERB
Dirn,Dirn,PROPN
",",--,PUNCT
«,--,PUNCT
sagte,sagen,VERB
die,der,DET
Mutter,Mutter,NOUN
",",--,PUNCT
und,und,CCONJ
dann,dann,ADV
rief,rufen,VERB
sie,sie,PRON
laut,laut,ADV
:,--,PUNCT
»,--,PUNCT
Hanne,Hanne,NOUN
",",--,PUNCT
Hanne,Hanne,NOUN
",",--,PUNCT
komm,kommn,VERB
doch,doch,ADV
rin,Rin,NOUN
.,--,PUNCT
«,--,PUNCT
Aber,aber,CCONJ
Johanne,Johanne,PROPN
erschien,erscheinen,VERB
nicht,nicht,PART
.,--,PUNCT
Als,als,SCONJ
ich,ich,PRON
nach,nach,ADP
einer,ein,DET
halben,halb,ADJ
Stunde,Stunde,NOUN
aufbrach,aufbrach,VERB
",",--,PUNCT
merkte,merken,VERB
ich,ich,PRON
auf,auf,ADP
dem,der,DET
Flur,Flur,NOUN
an,an,ADP
einer,ein,DET
Türspalte,Türspalte,NOUN
Hanne,Hanne,NOUN
.,--,PUNCT
Ich,ich,PRON
ging,gehen,VERB
sofort,sofort,ADV
drauf,drauf,ADV
los,los,ADV
und,und,CCONJ
öffnete,öffnen,VERB
sie,sie,PRON
ganz,ganz,ADV
.,--,PUNCT
Das,der,DET
Mädchen,Mädchen,NOUN
war,sein,AUX
in,in,ADP
eine,ein,DET
Ecke,Ecke,NOUN
geflohen,fliehen,VERB
und,und,CCONJ
weinte,weinen,VERB
",",--,PUNCT
die,der,DET
Augen,Auge,NOUN
mit,mit,ADP
den,der,DET
Händen,Hand,NOUN
bedeckend,bedeckend,ADV
",",--,PUNCT
leise,leise,ADV
vor,vor,ADP
sich,sich,PRON
hin,hin,ADV
.,--,PUNCT
Ich,ich,PRON
trat,treten,VERB
zu,zu,ADP
ihr,ihr,PRON
.,--,PUNCT
Da,da,ADV
ließ,lassen,VERB
sie,sie,PRON
die,der,DET
Hand,Hand,NOUN
fallen,fallen,VERB
",",--,PUNCT
sah,sehen,VERB
mich,mich,PRON
an,an,ADP
und,und,CCONJ
–,-,PUNCT
lachte,lachen,VERB
aus,aus,ADP
vollem,voll,ADJ
Halse,Hals,NOUN
",",--,PUNCT
roh,roh,PROPN
",",--,PUNCT
kreischend,kreischend,ADV
.,--,PUNCT
Sie,sie,PRON
merkte,merken,VERB
",",--,PUNCT
wie,wie,ADV
unangenehm,unangenehm,ADV
mich,sich,PRON
ihr,ihr,DET
Gebaren,Gebaren,NOUN
berührte,berührn,VERB
",",--,PUNCT
und,und,CCONJ
wie,wie,ADP
von,von,ADP
einem,ein,DET
plötzlichen,plötzlich,ADJ
Entschluß,Entschluß,NOUN
gefaßt,fassen,VERB
",",--,PUNCT
riß,reißen,VERB
sie,sie,PRON
meine,mein,DET
Hände,Hand,NOUN
an,an,ADP
ihren,ihr,DET
Mund,Mund,NOUN
und,und,CCONJ
küßte,küssen,VERB
sie,sie,PRON
.,--,PUNCT
»,--,PUNCT
Hanne,Hanne,NOUN
",",--,PUNCT
Hanne,Hanne,NOUN
",",--,PUNCT
laß,Laß,PROPN
das,der,PRON
;,--,PUNCT
das,der,PRON
mag,mögen,VERB
ich,ich,PRON
nicht,nicht,PART
.,--,PUNCT
«,--,PUNCT
»,--,PUNCT
Ach,ach,INTJ
Unsinn,Unsinn,NOUN
!,--,PUNCT
«,--,PUNCT
rief,rufen,VERB
sie,sie,PRON
übermütig,übermütig,ADV
",",--,PUNCT
und,und,CCONJ
dann,dann,ADV
sagte,sagen,VERB
sie,sie,PRON
leise,leise,ADV
:,--,PUNCT
»,--,PUNCT
Wie,wie,ADV
gut,gut,ADV
Sie,sie,PRON
sind,sein,AUX
und,und,CCONJ
daß,daß,SCONJ
Sie,sie,PRON
kamen,kommen,VERB
.,--,PUNCT
«,--,PUNCT
»,--,PUNCT
Ja,ja,PART
",",--,PUNCT
aber,aber,CCONJ
wenn,wenn,SCONJ
Sie,sie,PRON
weglaufen,weglaufen,VERB
",",--,PUNCT
dann,dann,ADV
kehre,kehren,VERB
ich,ich,PRON
nicht,nicht,PART
wieder,wieder,ADV
.,--,PUNCT
«,--,PUNCT
»,--,PUNCT
Ach,ach,INTJ
",",--,PUNCT
bitte,bitte,PART
",",--,PUNCT
bitte,bitte,PART
.,--,PUNCT
«,--,PUNCT
–,--,PUNCT
Und,und,CCONJ
am,an,ADP
folgenden,folgend,ADJ
Abend,Abend,NOUN
war,sein,AUX
ich,ich,PRON
wieder,wieder,ADV
im,in,ADP
Enkholz,Enkholz,NOUN
.,--,PUNCT
Liebte,Liebte,VERB
ich,ich,PRON
denn,denn,ADV
das,der,DET
hübsche,hübsch,ADJ
Mädchen,Mädchen,NOUN
?,--,PUNCT
Nein,nein,PART
.,--,PUNCT
Und,und,CCONJ
doch,doch,ADV
las,lesen,VERB
ich,ich,PRON
Eichendorff,Eichendorff,PROPN
mit,mit,ADP
dem,der,DET
hellsten,hellsn,ADJ
Entzücken,Entzück,NOUN
.,--,PUNCT
Aber,aber,CCONJ
auch,auch,ADV
wilde,wild,ADJ
",",--,PUNCT
lüsterne,lüstern,ADJ
Gedanken,Gedanke,NOUN
wurden,werden,AUX
in,in,ADP
mir,mir,PRON
rege,rege,VERB
.,--,PUNCT
Das,der,PRON
Mädchen,Mädchen,NOUN
wäre,sein,AUX
mit,mit,ADP
mir,mir,PRON
in,in,ADP
alle,aller,DET
Welt,Welt,NOUN
gegangen,gehen,VERB
.,--,PUNCT
Und,und,CCONJ
auch,auch,ADV
in,in,ADP
den,der,DET
folgenden,folgend,ADJ
Tagen,Tag,NOUN
war,sein,AUX
ich,ich,PRON
in,in,ADP
dieser,dieser,DET
Kneipe,Kneipe,NOUN
.,--,PUNCT
Hanne,Hanne,NOUN
setzte,setzen,VERB
sich,sich,PRON
dann,dann,ADV
sofort,sofort,ADV
zu,zu,ADP
mir,mir,PRON
",",--,PUNCT
ungeniert,ungenieren,VERB
;,--,PUNCT
legte,legen,VERB
den,der,DET
Arm,Arm,NOUN
um,um,ADP
meinen,mein,DET
Hals,Hals,NOUN
",",--,PUNCT
was,was,PRON
mir,mir,PRON
unangenehm,unangenehm,ADV
war,sein,AUX
–,--,PUNCT
aber,aber,CCONJ
ich,ich,PRON
ließ,lassen,VERB
es,es,PRON
geschehen,geschehen,VERB
.,--,PUNCT
Ob,ob,SCONJ
Gäste,Gast,NOUN
da,da,ADV
waren,sein,AUX
oder,oder,CCONJ
nicht,nicht,PART
",",--,PUNCT
das,der,PRON
war,sein,AUX
ihr,ihr,PRON
gleich,gleich,ADV
;,--,PUNCT
sie,sie,PRON
wich,weichen,VERB
nicht,nicht,PART
von,von,ADP
meiner,mein,DET
Seite,Seite,NOUN
.,--,PUNCT
Ich,ich,PRON
galt,gelten,VERB
bei,bei,ADP
der,der,DET
ganzen,ganz,VERB
dort,dort,ADV
verkehrenden,verkehrend,ADJ
erlauchten,erlauchter,ADJ
Gesellschaft,Gesellschaft,NOUN
als,als,ADP
ihr,ihr,DET
»,--,PUNCT
Liebster,Liebster,NOUN
«,--,PUNCT
.,--,PUNCT
Es,es,PRON
schwankte,schwankte,VERB
in,in,ADP
mir,mir,PRON
auf,auf,ADP
und,und,CCONJ
ab,ab,ADV
.,--,PUNCT
Das,der,DET
Verhältnis,Verhältnis,NOUN
mußte,müssen,AUX
gelöst,lösen,VERB
werden,werden,AUX
.,--,PUNCT
Bald,bald,ADV
fand,finden,VERB
sich,sich,PRON
eine,ein,DET
Gelegenheit,Gelegenheit,NOUN
:,--,PUNCT
Als,als,SCONJ
ich,ich,PRON
eines,ein,DET
Abends,Abends,NOUN
",",--,PUNCT
später,spät,ADV
als,als,ADP
gewöhnlich,gewöhnlich,ADV
",",--,PUNCT
bei,bei,ADP
Mutter,Mutter,NOUN
und,und,CCONJ
Tochter,Tochter,NOUN
eintrat,eintreten,VERB
",",--,PUNCT
waren,sein,AUX
sämtliche,sämtlich,DET
Anwesende,Anwesende,NOUN
",",--,PUNCT
auch,auch,ADV
die,der,DET
Wirtin,Wirtin,NOUN
und,und,CCONJ
Johanna,Johanna,PROPN
",",--,PUNCT
betrunken,betrunken,ADV
.,--,PUNCT
Ein,ein,DET
furchtbares,furchtbar,ADJ
Jauchzen,Jauchzen,NOUN
und,und,CCONJ
Kreischen,Kreische,NOUN
übertönte,übertönt,ADJ
Gespräch,Gespräch,NOUN
und,und,CCONJ
Gelächter,Gelächter,NOUN
.,--,PUNCT
Das,der,DET
Mädchen,Mädchen,NOUN
erkannte,erkennen,VERB
mich,mich,PRON
;,--,PUNCT
sie,sie,PRON
lief,laufen,VERB
",",--,PUNCT
schwankend,schwankend,ADV
",",--,PUNCT
auf,auf,ADP
mich,mich,PRON
zu,zu,ADP
",",--,PUNCT
–,--,PUNCT
aber,aber,CCONJ
ich,ich,PRON
stieß,stoßen,VERB
sie,sie,PRON
hart,hart,ADV
zurück,zurück,ADV
und,und,CCONJ
ging,gehen,VERB
schaudernd,schaudernd,ADV
nach,nach,ADP
Hause,Haus,NOUN
.,--,PUNCT
Am,an,ADP
anderen,anderer,ADJ
Tage,Tag,NOUN
schrieb,schreiben,VERB
ich,ich,PRON
ihr,ihr,PRON
",",--,PUNCT
daß,daß,SCONJ
ich,ich,PRON
nicht,nicht,PART
wieder,wieder,ADV
in,in,ADP
die,der,DET
Wirtschaft,Wirtschaft,NOUN
kommen,kommen,VERB
und,und,CCONJ
sie,sie,PRON
nicht,nicht,PART
mehr,mehr,PRON
sehen,sehen,VERB
würde,werden,AUX
;,--,PUNCT
nach,nach,ADP
dem,der,DET
gestern,gestern,ADV
abend,abend,ADV
Erlebten,Erlebte,NOUN
danke,danken,VERB
ich,ich,PRON
ein,ein,PRON
für,für,ADP
allemal,allemal,ADV
",",--,PUNCT
sie,sie,PRON
je,je,ADV
wieder,wieder,ADV
vor,vor,ADP
Augen,Auge,NOUN
zu,zu,PART
haben,haben,VERB
.,--,PUNCT
Und,und,CCONJ
in,in,ADP
der,der,DET
Tat,Tat,NOUN
war,sein,AUX
ich,ich,PRON
froh,froh,ADV
",",--,PUNCT
so,so,ADV
die,der,DET
mir,mir,PRON
lästig,lästig,ADV
werdende,werdend,ADJ
Fessel,Fessel,NOUN
abgestreift,abgestreifen,VERB
zu,zu,ADP
haben,haben,AUX
;,--,PUNCT
auch,auch,ADV
hätte,haben,VERB
ich,ich,PRON
nicht,nicht,PART
mehr,mehr,ADV
in,in,ADP
der,der,DET
mir,mir,PRON
höchst,höchst,ADV
widerwärtigen,widerwärtig,ADJ
Gesellschaft,Gesellschaft,NOUN
verkehren,verkehren,VERB
können,können,AUX
.,--,PUNCT
Zwei,zwei,NUM
Tage,Tag,NOUN
waren,sein,AUX
dahingegangen,dahingegangen,VERB
.,--,PUNCT
Es,es,PRON
war,sein,AUX
im,in,ADP
Anfang,Anfang,NOUN
des,der,DET
Mai,Mai,NOUN
.,--,PUNCT
Der,der,DET
Schlehdorn,Schlehdorn,NOUN
blühte,blühten,VERB
.,--,PUNCT
Die,der,DET
Buchfinken,Buchfink,NOUN
schmetterten,schmetterten,VERB
.,--,PUNCT
Ich,ich,PRON
hatte,haben,VERB
»,--,PUNCT
Don,Don,PROPN
Carlos,Carlos,PROPN
«,--,PUNCT
gesehen,sehen,VERB
und,und,CCONJ
schlenderte,schlendern,VERB
in,in,ADP
der,der,DET
schönen,schön,ADJ
Nacht,Nacht,NOUN
",",--,PUNCT
nachdem,nachdem,SCONJ
ich,ich,PRON
in,in,ADP
Wilkens,Wilken,PROPN
Keller,Keller,PROPN
zu,zu,ADP
Abend,Abend,NOUN
gespeist,speisen,VERB
",",--,PUNCT
nach,nach,ADP
meiner,mein,DET
Wohnung,Wohnung,NOUN
in,in,ADP
Sankt,Sankt,NOUN
Georg,Georg,PROPN
.,--,PUNCT
Es,es,PRON
mochte,mögen,VERB
nach,nach,ADP
Mitternacht,Mitternacht,NOUN
sein,sein,AUX
",",--,PUNCT
als,als,SCONJ
ich,ich,PRON
meine,mein,DET
Wohnung,Wohnung,NOUN
erreichte,erreichen,VERB
.,--,PUNCT
Die,der,DET
Straße,Straße,NOUN
war,sein,AUX
leer,leer,ADV
.,--,PUNCT
Als,als,SCONJ
ich,ich,PRON
den,der,DET
Schlüssel,Schlüssel,NOUN
in,in,ADP
die,der,DET
Tür,Tür,NOUN
stecken,stecken,VERB
wollte,wollen,AUX
",",--,PUNCT
kam,kommen,VERB
aus,aus,ADP
dem,der,DET
Dunkel,Dunkel,NOUN
des,der,DET
Rundbogens,Rundbogen,NOUN
ein,ein,DET
Weib,Weib,NOUN
rasch,rasch,ADV
auf,auf,ADP
mich,mich,PRON
zu,zu,ADP
;,--,PUNCT
es,es,PRON
war,sein,AUX
Johanna,Johanna,PROPN
.,--,PUNCT
»,--,PUNCT
Du,du,PRON
hier,hier,ADV
?,--,PUNCT
Mein,mein,DET
Gott,Gott,NOUN
",",--,PUNCT
was,was,PRON
soll,sollen,AUX
das,der,PRON
",",--,PUNCT
was,wer,PRON
willst,willen,VERB
du,du,PRON
hier,hier,ADV
?,--,PUNCT
«,--,PUNCT
»,--,PUNCT
Ich,ich,PRON
will,wollen,AUX
mit,mit,ADP
dir,dir,PRON
gehen,gehen,VERB
;,--,PUNCT
ich,ich,PRON
will,wollen,AUX
nicht,nicht,PART
wieder,wieder,ADV
nach,nach,ADP
Hause,Haus,NOUN
.,--,PUNCT
Ich,ich,PRON
kann,können,AUX
da,da,ADV
nicht,nicht,PART
mehr,mehr,ADV
sein,sein,AUX
.,--,PUNCT
Nimm,Nimm,PROPN
mich,mich,PRON
zu,zu,ADP
dir,dir,PRON
.,--,PUNCT
«,--,PUNCT
»,--,PUNCT
Das,der,PRON
geht,gehen,VERB
nicht,nicht,PART
",",--,PUNCT
Johanna,Johanna,PROPN
.,--,PUNCT
Ich,ich,PRON
mag,mögen,AUX
kein,kein,DET
Mädchen,Mädchen,NOUN
in,in,ADP
meine,mein,DET
Wohnung,Wohnung,NOUN
nehmen,nehmen,VERB
.,--,PUNCT
Du,du,PRON
mußt,mußen,VERB
nach,nach,ADP
Hause,Haus,NOUN
gehen,gehen,VERB
.,--,PUNCT
Wir,wir,PRON
sind,sein,AUX
überhaupt,überhaupt,ADV
quitt,quitten,VERB
:,--,PUNCT
Du,du,PRON
weißt,weißen,VERB
",",--,PUNCT
weshalb,weshalb,ADV
.,--,PUNCT
«,--,PUNCT
»,--,PUNCT
Ich,ich,PRON
gehe,gehen,VERB
doch,doch,ADV
mit,mit,ADP
dir,dir,PRON
jetzt,jetzt,ADV
",",--,PUNCT
Fritz,Fritz,PROPN
",",--,PUNCT
«,--,PUNCT
sagte,sagen,VERB
sie,sie,PRON
trotzig,trotzig,ADV
.,--,PUNCT
»,--,PUNCT
Du,du,PRON
wirst,wirst,AUX
nicht,nicht,PART
mitgehen,mitgehen,VERB
",",--,PUNCT
«,--,PUNCT
erwiderte,erwidern,VERB
ich,ich,PRON
barsch,barsch,ADV
",",--,PUNCT
und,und,CCONJ
wandte,wenden,VERB
mich,mich,PRON
ab,ab,ADP
",",--,PUNCT
als,als,SCONJ
ob,ob,SCONJ
sie,sie,PRON
Luft,Luft,NOUN
sei,sein,AUX
.,--,PUNCT
»,--,PUNCT
Schlage,Schlage,NOUN
mich,mich,PRON
tot,tot,ADV
",",--,PUNCT
dann,dann,ADV
ist,sein,AUX
es,es,PRON
aus,aus,ADP
.,--,PUNCT
«,--,PUNCT
Sie,sie,PRON
weinte,weinen,VERB
heftig,heftig,ADV
.,--,PUNCT
»,--,PUNCT
Geh,Geh,PROPN
nun,nun,ADV
",",--,PUNCT
«,--,PUNCT
fuhr,fahren,VERB
ich,ich,PRON
sie,sie,PRON
an,an,ADP
",",--,PUNCT
»,--,PUNCT
die,der,DET
Polizei,Polizei,NOUN
wird,werden,AUX
kommen,kommen,VERB
und,und,CCONJ
dich,dich,ADV
mit,mit,ADP
auf,auf,ADP
die,der,DET
Wache,Wache,NOUN
nehmen,nehmen,VERB
",",--,PUNCT
wenn,wenn,SCONJ
du,du,PRON
nicht,nicht,PART
nach,nach,ADP
Hause,Haus,NOUN
eilst,eilen,VERB
.,--,PUNCT
«,--,PUNCT
Sie,sie,PRON
wurde,werden,AUX
wieder,wieder,ADV
trotzig,trotzig,ADV
.,--,PUNCT
»,--,PUNCT
Gut,gut,ADV
",",--,PUNCT
die,der,DET
Polizei,Polizei,NOUN
soll,sollen,AUX
mich,mich,PRON
holen,holen,VERB
;,--,PUNCT
hier,hier,ADV
",",--,PUNCT
von,von,ADP
deiner,dein,DET
Tür,Tür,NOUN
weg,weg,ADV
.,--,PUNCT
«,--,PUNCT
Ich,ich,PRON
schloß,schließen,VERB
die,der,DET
Tür,Tür,NOUN
auf,auf,ADP
.,--,PUNCT
Sie,sie,PRON
sah,sehen,VERB
finster,finster,ADV
meinem,mein,DET
Gebaren,Gebaren,NOUN
zu,zu,ADP
",",--,PUNCT
rührte,rühren,VERB
sich,sich,PRON
aber,aber,ADV
nicht,nicht,PART
vom,von,ADP
Fleck,Fleck,NOUN
.,--,PUNCT
Ich,ich,PRON
hörte,hören,VERB
sie,sie,PRON
stöhnen,stöhnen,VERB
vor,vor,ADP
Schmerz,Schmerz,NOUN
",",--,PUNCT
als,als,SCONJ
ich,ich,PRON
von,von,ADP
innen,innen,ADV
wieder,wieder,ADV
verriegelt,verriegeln,VERB
hatte,haben,AUX
.,--,PUNCT
Bald,bald,ADV
war,sein,AUX
ich,ich,PRON
fest,fest,ADV
eingeschlafen,eingeschlafen,VERB
.,--,PUNCT
Aber,aber,CCONJ
schon,schon,ADV
nach,nach,ADP
einer,ein,DET
Viertelstunde,Viertelstunde,NOUN
erwachte,erwachen,VERB
ich,ich,PRON
.,--,PUNCT
Ich,ich,PRON
hörte,hören,VERB
meine,mein,DET
Stutzuhr,Stutzuhr,NOUN
zwei,zwei,NUM
schlagen,schlagen,VERB
.,--,PUNCT
Ob,ob,SCONJ
sie,sie,PRON
noch,noch,ADV
unten,unten,ADV
steht,stehen,VERB
?,--,PUNCT
Ob,ob,SCONJ
sie,sie,PRON
weggegangen,weggehen,VERB
ist,sein,AUX
?,--,PUNCT
Ich,ich,PRON
kleidete,kleiden,VERB
mich,sich,PRON
rasch,rasch,ADV
an,an,ADP
und,und,CCONJ
ging,gehen,VERB
an,an,ADP
ein,ein,DET
vorspringendes,vorspringend,ADJ
Fenster,Fenster,NOUN
in,in,ADP
meiner,mein,DET
Wohnstube,Wohnstube,NOUN
",",--,PUNCT
von,von,ADP
wo,wo,ADV
aus,aus,ADP
ich,ich,PRON
die,der,PRON
Haustür,Haustür,NOUN
sehen,sehen,VERB
konnte,können,AUX
.,--,PUNCT
Es,es,PRON
war,sein,AUX
hellster,hellst,ADJ
Vollmondschein,Vollmondschein,NOUN
.,--,PUNCT
Ich,ich,PRON
trat,treten,VERB
vorsichtig,vorsichtig,ADV
an,an,ADP
die,der,DET
Gardine,Gardin,NOUN
und,und,CCONJ
sah,sehen,VERB
gespannt,gespannt,ADV
hinunter,hinunter,ADV
.,--,PUNCT
Bei,bei,ADP
Gott,Gott,NOUN
!,--,PUNCT
da,da,ADV
war,sein,AUX
sie,sie,PRON
noch,noch,ADV
.,--,PUNCT
Sie,sie,PRON
kauerte,kaueren,VERB
auf,auf,ADP
den,der,DET
Stufen,Stufe,NOUN
;,--,PUNCT
das,der,DET
Haupt,Haupt,NOUN
ruhte,ruhen,VERB
auf,auf,ADP
den,der,DET
Knien,Knie,NOUN
.,--,PUNCT
Sie,sie,PRON
war,sein,AUX
eingeschlafen,eingeschlafen,VERB
.,--,PUNCT
Nein,nein,PART
",",--,PUNCT
sie,sie,PRON
schlief,schlief,VERB
nicht,nicht,PART
",",--,PUNCT
denn,denn,CCONJ
sie,sie,PRON
drehte,drehen,VERB
",",--,PUNCT
in,in,ADP
der,der,PRON
hockenden,hockend,ADJ
Stellung,Stellung,NOUN
bleibend,bleibend,ADV
",",--,PUNCT
ihren,ihr,DET
Kopf,Kopf,NOUN
nach,nach,ADP
meinen,mein,DET
Fenstern,Fenster,NOUN
.,--,PUNCT
Wie,wie,SCONJ
der,der,DET
Mond,Mond,NOUN
sein,sein,AUX
ruhiges,ruhig,ADJ
",",--,PUNCT
sanftes,sanft,ADJ
Licht,Licht,NOUN
in,in,ADP
ihren,ihr,DET
grünen,grün,ADJ
Augen,Auge,NOUN
strahlen,strahlen,VERB
ließ,lassen,VERB
!,--,PUNCT
Doch,doch,CCONJ
was,was,PRON
ist,sein,AUX
das,der,PRON
?,--,PUNCT
Auf,auf,ADP
der,der,DET
toten,tot,ADJ
Straße,Straße,NOUN
kamen,kommen,VERB
langsam,langsam,ADV
zwei,zwei,NUM
Schutzleute,Schutzleut,NOUN
heran,heran,ADV
;,--,PUNCT
die,der,DET
Helme,Helm,NOUN
blitzten,blitzn,VERB
.,--,PUNCT
Das,der,DET
Mädchen,Mädchen,NOUN
hatte,haben,AUX
sie,sie,PRON
gehört,gehören,VERB
",",--,PUNCT
und,und,CCONJ
im,in,ADP
Husch,Husch,NOUN
sprang,springen,VERB
sie,sie,PRON
auf,auf,ADP
und,und,CCONJ
preßte,pressen,VERB
sich,sich,PRON
hart,hart,ADV
an,an,ADP
die,der,DET
Tür,Tür,NOUN
.,--,PUNCT
Sie,sie,PRON
stand,stehen,VERB
im,in,ADP
Schatten,Schatten,NOUN
.,--,PUNCT
Die,der,DET
beiden,beide,DET
Männer,Mann,NOUN
gingen,gehen,VERB
im,in,ADP
ruhigen,ruhig,ADJ
Gespräch,Gespräch,NOUN
vorüber,vorüber,ADV
.,--,PUNCT
Das,der,PRON
ist,sein,AUX
zu,zu,PART
viel,viel,PRON
für,für,ADP
dich,dichr,PRON
",",--,PUNCT
armes,arm,ADJ
Tier,Tier,NOUN
.,--,PUNCT
Ich,ich,PRON
holte,holen,VERB
den,der,DET
Hausschlüssel,Hausschlüssel,NOUN
und,und,CCONJ
schloß,schließen,VERB
auf,auf,ADP
.,--,PUNCT
Wie,wie,SCONJ
sie,sie,PRON
gehorcht,horchen,VERB
haben,haben,AUX
mag,mögen,AUX
",",--,PUNCT
als,als,SCONJ
sie,sie,PRON
das,der,DET
Geräusch,Geräusch,NOUN
hörte,hören,VERB
.,--,PUNCT
Die,der,DET
Tür,Tür,NOUN
ging,gehen,VERB
auf,auf,ADP
.,--,PUNCT
»,--,PUNCT
Hanne,Hanne,NOUN
",",--,PUNCT
«,--,PUNCT
sagte,sagen,VERB
ich,ich,PRON
leise,leise,VERB
.,--,PUNCT
Sie,sie,PRON
stand,stehen,VERB
vor,vor,ADP
mir,mir,PRON
.,--,PUNCT
Nie,nie,ADV
habe,haben,AUX
ich,ich,PRON
einen,ein,DET
so,so,ADV
seligen,seligen,ADJ
Ausdruck,Ausdruck,NOUN
im,in,ADP
Gesicht,Gesicht,NOUN
eines,ein,DET
Weibes,Weibe,NOUN
gesehen,sehen,VERB
.,--,PUNCT
Nur,nur,ADV
einmal,einmal,ADV
flog's,flog's,VERB
über,über,ADP
die,der,DET
Augen,Auge,NOUN
",",--,PUNCT
über,über,ADP
Stirn,Stirn,NOUN
und,und,CCONJ
Lippen,Lippe,NOUN
wie,wie,ADP
ein,ein,DET
Triumph,Triumph,NOUN
;,--,PUNCT
eine,ein,DET
siegreiche,siegreich,ADJ
Königin,Königin,NOUN
schaut,schauen,VERB
so,so,ADV
.,--,PUNCT
Ich,ich,PRON
nahm,nehmen,VERB
sie,sie,PRON
mit,mit,ADP
auf,auf,ADP
mein,mein,DET
Zimmer,Zimmer,NOUN
und,und,CCONJ
von,von,ADP
Stund,Stund,PROPN
',--,PUNCT
an,an,ADP
blühte,blühte,VERB
die,der,DET
schöne,schön,ADJ
Menschenblume,Menschenblume,NOUN
fröhlich,fröhlich,ADV
und,und,CCONJ
lustig,lustig,ADV
an,an,ADP
meinem,mein,DET
Herzen,Herz,NOUN
–,--,PUNCT
aber,aber,CCONJ
nicht,nicht,PART
in,in,ADP
meinem,mein,DET
Herzen,Herz,NOUN
.,--,PUNCT
━,━,DET
━,━,PROPN
━,━,PROPN
━,━,DET
━,━,DET
━,━,DET
━,━,DET
━,━,DET
━,━,DET
━,━,DET
━,━,DET
━,━,DET
━,━,DET
━,━,DET
━,━,DET
━,━,DET
━,━,DET
━,━,DET
━,━,DET
━,━,DET
━,━,DET
━,━,DET
━,━,DET
━,━,DET
━,━,DET
━,━,DET
━,━,DET
━,━,DET
━,━,DET
━,━,DET
━,━,DET
━,━,DET
━,━,DET
━,━,DET
━,━,DET
━,━,DET
━,━,DET
━,━,DET
━,━,DET
━,━,DET
━,━,DET
━,━,DET
━,━,DET
━,━,DET
━,━,DET
━,━,DET
━,━,DET
━,━,DET
━,━,DET
━,━,DET
━,━,DET
━,━,DET
━,━,DET
━,━,DET
━,━,DET
━,━,DET
━,━,DET
━,━,DET
━,━,DET
━,━,DET
━,━,DET
━,━,DET
━,━,DET
━,━,DET
━,━,DET
━,━,DET
━,━,DET
━,━,DET
━,━,DET
━,━,DET
━,━,DET
━,━,DET
━,━,DET
━,━,DET
━,━,DET
━,━,PROPN
━,━,PROPN
━,━,PROPN
━,━,PROPN
Ja,ja,PART
",",--,PUNCT
was,was,PRON
nun,nun,ADV
?,--,PUNCT
Da,da,ADV
fiel,fallen,VERB
mir,mir,PRON
ein,ein,ADV
",",--,PUNCT
daß,daß,SCONJ
ich,ich,PRON
Geld,Geld,NOUN
hatte,haben,VERB
.,--,PUNCT
Ich,ich,PRON
mietete,mieteen,VERB
für,für,ADP
sie,sie,PRON
ein,ein,ADV
hübsches,hübsch,ADJ
Gartenhaus,Gartenhaus,NOUN
in,in,ADP
Hamm,Hamm,PROPN
",",--,PUNCT
damit,damit,SCONJ
sie,sie,PRON
Schutz,Schutz,NOUN
fände,fänden,VERB
vor,vor,ADP
ihrer,ihr,DET
Mutter,Mutter,NOUN
.,--,PUNCT
Es,es,PRON
machte,machen,VERB
mir,mir,PRON
kein,kein,DET
geringes,gering,ADJ
Vergnügen,Vergnügen,NOUN
",",--,PUNCT
sie,sie,PRON
in,in,ADP
den,der,DET
neuen,neu,ADJ
Verhältnissen,Verhältnis,NOUN
zu,zu,PART
beobachten,beobachten,VERB
:,--,PUNCT
Welchen,Welchen,DET
Geschmack,Geschmack,NOUN
entwickelte,entwickeln,VERB
sie,sie,PRON
",",--,PUNCT
wie,wie,ADV
gut,gut,ADV
sie,sie,PRON
sich,sich,PRON
kleidete,kleiden,VERB
",",--,PUNCT
wie,wie,SCONJ
sie,sie,PRON
bald,bald,ADV
wußte,wissen,VERB
",",--,PUNCT
wie,wie,SCONJ
der,der,DET
Handschuh,Handschuh,NOUN
angezogen,anziehen,VERB
werden,werden,AUX
muß,müssen,AUX
;,--,PUNCT
wie,wie,ADV
hübsch,hübsch,ADV
sie,sie,PRON
das,der,DET
Stellen,stellen,NOUN
der,der,DET
Möbel,Möbel,NOUN
verstand,verstehen,VERB
.,--,PUNCT
Sie,sie,PRON
hing,hing,VERB
mit,mit,ADP
sklavischer,sklavisch,ADJ
Liebe,Liebe,NOUN
an,an,ADP
mir,mir,PRON
.,--,PUNCT
Das,der,PRON
aber,aber,ADV
hinderte,hinderen,VERB
sie,sie,PRON
leider,leider,ADV
nicht,nicht,PART
",",--,PUNCT
ihre,ihr,DET
alten,alt,ADJ
Mädchenbekanntschaften,Mädchenbekanntschaft,NOUN
aufzugeben,aufgeben,VERB
.,--,PUNCT
Zuweilen,zuweilen,ADV
waren,sein,AUX
die,der,DET
Zimmer,Zimmer,NOUN
ganz,ganz,ADV
voll,voll,ADV
von,von,ADP
fragwürdigen,fragwürdig,ADJ
Frauenzimmern,Frauenzimmer,NOUN
.,--,PUNCT
Diese,dieser,PRON
dann,dann,ADV
mußten,müssen,AUX
alles,alle,PRON
bewundern,bewundern,VERB
.,--,PUNCT
Die,der,DET
weibliche,weiblich,ADJ
Eitelkeit,Eitelkeit,NOUN
und,und,CCONJ
die,der,DET
mit,mit,ADP
Eva,Eva,PROPN
allen,aller,DET
Frauen,Frau,NOUN
angeborene,angeboren,ADJ
Sucht,Sucht,NOUN
",",--,PUNCT
den,der,DET
Neid,Neid,NOUN
ihrer,ihr,DET
Mitschwestern,Mitschwester,NOUN
zu,zu,PART
erregen,erregen,VERB
",",--,PUNCT
war,sein,AUX
ihr,ihr,PRON
",",--,PUNCT
ich,ich,PRON
muß,müssen,AUX
es,es,PRON
gestehen,gestehen,VERB
",",--,PUNCT
in,in,ADP
hohem,hoch,ADJ
Grade,Grade,NOUN
gegeben,geben,VERB
.,--,PUNCT
Selbst,selbst,ADV
die,der,DET
alten,alt,ADJ
Lokale,Lokal,NOUN
suchte,suchen,VERB
sie,sie,PRON
auf,auf,ADP
.,--,PUNCT
Bei,bei,ADP
ihrer,ihr,DET
Mutter,Mutter,NOUN
erschien,erscheinen,VERB
sie,sie,PRON
wieder,wieder,ADV
:,--,PUNCT
immer,immer,ADV
aufs,auf,ADP
höchste,hoch,ADJ
beneidet,beneiden,VERB
wegen,wegen,ADP
ihrer,ihr,DET
Kleider,Kleid,NOUN
",",--,PUNCT
Lackstiefel,Lackstiefel,NOUN
",",--,PUNCT
Hüte,Hüte,PROPN
",",--,PUNCT
Spitzen,Spitze,NOUN
und,und,CCONJ
was,was,PRON
weiß,wissen,VERB
ich,ich,PRON
!,--,PUNCT
Ich,ich,PRON
selbst,selbst,ADV
mußte,müssen,AUX
in,in,ADP
der,der,DET
ersten,erster,ADJ
Zeit,Zeit,NOUN
ab,ab,ADP
und,und,CCONJ
zu,zu,ADP
mitgehen,Mitgehen,VERB
als,als,ADP
ihr,ihr,DET
angebundener,angebunden,ADJ
Bär,Bär,NOUN
.,--,PUNCT
Ich,ich,PRON
war,sein,AUX
in,in,ADP
sie,sie,PRON
verliebt,verlieben,VERB
",",--,PUNCT
aber,aber,CCONJ
ich,ich,PRON
liebte,lieben,VERB
sie,sie,PRON
nicht,nicht,PART
.,--,PUNCT
Bald,bald,ADV
hörte,hören,VERB
meine,mein,DET
Begleitung,Begleitung,NOUN
auf,auf,ADP
",",--,PUNCT
und,und,CCONJ
ich,ich,PRON
verbat,verbat,VERB
mir,sich,PRON
auch,auch,ADV
jeglichen,jeglicher,VERB
Besuch,Besuch,NOUN
ihrer,ihr,DET
Freundinnen,Freundin,NOUN
.,--,PUNCT
Das,der,PRON
konnte,können,AUX
sie,sie,PRON
gar,gar,ADV
nicht,nicht,PART
begreifen,begreifen,VERB
",",--,PUNCT
aber,aber,CCONJ
sie,sie,PRON
gehorchte,gehorchen,ADJ
–,--,PUNCT
ob,ob,SCONJ
sie,sie,PRON
heimlich,heimlich,ADV
",",--,PUNCT
und,und,CCONJ
wann,wann,SCONJ
wüßte,wissen,VERB
nicht,nicht,PART
das,der,DET
Weib,Weib,NOUN
Mittel,Mittel,NOUN
und,und,CCONJ
Wege,Weg,NOUN
",",--,PUNCT
ihre,ihr,DET
Kameradinnen,Kameradinn,NOUN
empfing,empfangen,VERB
",",--,PUNCT
ich,ich,PRON
glaube,glauben,VERB
es,es,PRON
.,--,PUNCT
An,an,ADP
einem,ein,DET
Herbstabend,Herbstabend,NOUN
erzählte,erzählen,VERB
sie,sie,PRON
mir,mir,PRON
ihre,ihr,DET
Geschichte,Geschichte,NOUN
.,--,PUNCT
Mein,mein,DET
Mitleid,Mitleid,NOUN
steigerte,steigern,VERB
sich,sich,PRON
.,--,PUNCT
Aus,aus,ADP
dem,der,DET
Mitleid,Mitleid,NOUN
wächst,wachsen,VERB
oft,oft,ADV
die,der,DET
Liebe,Liebe,NOUN
.,--,PUNCT
Bei,bei,ADP
mir,mir,PRON
trat,treten,VERB
der,der,DET
Fall,Fall,NOUN
nicht,nicht,PART
ein,ein,ADV
.,--,PUNCT
Sie,sie,PRON
erzählte,erzählen,VERB
:,--,PUNCT
Als,als,SCONJ
ich,ich,PRON
fünfzehn,fünfzehn,NUM
Jahre,Jahr,NOUN
alt,alt,ADV
war,sein,AUX
",",--,PUNCT
war,sein,AUX
ich,ich,PRON
fast,fast,ADV
so,so,ADV
kräftig,kräftig,ADV
entwickelt,entwickeln,VERB
wie,wie,ADP
jetzt,jetzt,ADV
.,--,PUNCT
An,an,ADP
einem,ein,DET
Winterabend,Winterabend,NOUN
saßen,sitzen,VERB
viele,viele,PRON
laut,laut,ADV
lachende,lachend,ADJ
",",--,PUNCT
betrunkene,betrunken,ADJ
Herren,Herr,NOUN
bei,bei,ADP
meiner,mein,DET
Mutter,Mutter,NOUN
",",--,PUNCT
die,der,PRON
selbst,selbst,ADV
viel,viel,DET
Wein,Wein,NOUN
genossen,nossen,VERB
hatte,haben,AUX
.,--,PUNCT
Die,der,DET
Herren,Herr,NOUN
tuschelten,tuscheln,VERB
viel,viel,ADV
miteinander,miteinander,ADV
",",--,PUNCT
dann,dann,ADV
schrien,schrien,VERB
sie,sie,PRON
plötzlich,plötzlich,ADV
nach,nach,ADP
den,der,DET
Würfeln,Würfel,NOUN
und,und,CCONJ
spielten,spielen,VERB
eifrig,eifrig,ADV
",",--,PUNCT
mit,mit,ADP
größerem,größer,ADJ
Interesse,Interesse,NOUN
als,als,ADP
sonst,sonst,ADV
.,--,PUNCT
Das,der,DET
Spiel,Spiel,NOUN
war,sein,AUX
bald,bald,ADV
beendet,beenden,VERB
:,--,PUNCT
Ein,ein,DET
großer,groß,ADJ
",",--,PUNCT
starkknochiger,starkknochig,ADJ
Steuermann,Steuermann,NOUN
hatte,haben,AUX
gewonnen,gewinnen,VERB
.,--,PUNCT
Er,er,PRON
stand,stehen,VERB
auf,auf,ADP
",",--,PUNCT
und,und,CCONJ
unter,unter,ADP
dem,der,DET
furchtbarsten,furchtbarst,ADJ
Gelächter,Gelächter,NOUN
aller,aller,DET
Anwesenden,anwesende,NOUN
und,und,CCONJ
meiner,mein,DET
Mutter,Mutter,NOUN
kam,kommen,VERB
er,er,PRON
auf,auf,ADP
mich,mich,PRON
zu,zu,ADP
und,und,CCONJ
–,--,PUNCT
ich,ich,PRON
war,sein,AUX
leichenblaß,leichenblaß,ADV
geworden,werden,AUX
",",--,PUNCT
als,als,SCONJ
er,er,PRON
auf,auf,ADP
mich,mich,PRON
zutrat,zutrat,ADV
–,--,PUNCT
riß,reißen,VERB
mich,sich,PRON
mit,mit,ADP
sich,sich,PRON
weg,weg,ADV
.,--,PUNCT
Ich,ich,PRON
stieß,stoßen,VERB
ihn,ihn,PRON
vor,vor,ADP
die,der,DET
Brust,Brust,NOUN
",",--,PUNCT
ich,ich,PRON
raufte,raufen,VERB
ihm,ihm,PRON
das,der,DET
Barthaar,Barthaar,NOUN
",",--,PUNCT
ich,ich,PRON
biß,biß,VERB
ihm,ihm,PRON
die,der,DET
Hände,Hand,NOUN
...,--,PUNCT
ich,ich,PRON
wußte,wissen,VERB
nicht,nicht,PART
mehr,mehr,ADV
",",--,PUNCT
ob,ob,SCONJ
ich,ich,PRON
lebe,leben,VERB
...,--,PUNCT
Bald,bald,ADV
darauf,darauf,ADV
lag,liegen,VERB
ich,ich,PRON
in,in,ADP
unserer,unser,DET
Küche,Küche,NOUN
im,in,ADP
Blute,Blute,NOUN
:,--,PUNCT
ich,ich,PRON
hatte,haben,AUX
mir,mir,PRON
ein,ein,DET
großes,groß,ADJ
Brotmesser,Brotmesser,NOUN
mit,mit,ADP
aller,aller,DET
Macht,Macht,NOUN
in,in,ADP
die,der,DET
Brust,Brust,NOUN
gestoßen,stoßen,VERB
...,--,PUNCT
Ich,ich,PRON
starb,sterben,VERB
nicht,nicht,PART
...,--,PUNCT
Meiner,mein,DET
Mutter,Mutter,NOUN
mußte,müssen,AUX
ich,ich,PRON
nun,nun,ADV
Folge,Folge,NOUN
leisten,leisten,VERB
:,--,PUNCT
Gab,Gab,VERB
einer,ein,DET
von,von,ADP
den,der,DET
Herren,Herr,NOUN
zwei,zwei,NUM
Flaschen,Flasche,NOUN
aus,aus,ADP
",",--,PUNCT
so,so,ADV
hatte,haben,AUX
er,er,PRON
das,der,PRON
Recht,Recht,NOUN
",",--,PUNCT
im,in,ADP
hinteren,hinterer,ADJ
Zimmer,Zimmer,NOUN
mit,mit,ADP
mir,mir,PRON
zu,zu,PART
trinken,trinken,VERB
.,--,PUNCT
Meine,mein,DET
Mutter,Mutter,NOUN
zwang,zwingen,VERB
mich,mich,PRON
dazu,dazu,ADV
mit,mit,ADP
furchtbaren,furchtbar,ADJ
Schlägen,Schläg,NOUN
...,--,PUNCT
Da,da,ADV
lief,laufen,VERB
ich,ich,PRON
weg,weg,ADV
.,--,PUNCT
Die,der,DET
Polizei,Polizei,NOUN
nahm,nehmen,VERB
sich,sich,PRON
meiner,mein,DET
an,an,ADP
:,--,PUNCT
Ich,ich,PRON
kam,kommen,VERB
in,in,ADP
eine,ein,DET
Besserungsanstalt,Besserungsanstalt,NOUN
.,--,PUNCT
Aber,aber,CCONJ
was,was,PRON
hatte,haben,AUX
ich,ich,PRON
denn,denn,ADV
getan,tun,VERB
?,--,PUNCT
Ich,ich,PRON
entfloh,entflohn,VERB
dort,dort,ADV
bald,bald,ADV
und,und,CCONJ
ging,gehen,VERB
an,an,ADP
das,der,DET
erste,erster,ADJ
beste,gut,ADJ
Theater,Theater,NOUN
",",--,PUNCT
wo,wo,SCONJ
mich,mich,PRON
der,der,DET
Direktor,Direktor,NOUN
sofort,sofort,ADV
annahm,annehmen,VERB
",",--,PUNCT
aber,aber,CCONJ
unter,unter,ADP
Bedingungen,Bedingung,NOUN
!,--,PUNCT
Gab,Gab,VERB
es,es,PRON
denn,denn,ADV
auf,auf,ADP
der,der,DET
ganzen,ganz,ADJ
Welt,Welt,NOUN
keinen,kein,DET
guten,gut,ADJ
Menschen,Mensch,NOUN
?,--,PUNCT
Ich,ich,PRON
wollte,wollen,VERB
",",--,PUNCT
ehe,ehe,SCONJ
ich,ich,PRON
mich,sich,PRON
ins,in,ADP
Wasser,Wasser,NOUN
stürzte,stürzen,VERB
",",--,PUNCT
noch,noch,ADV
einen,ein,DET
Versuch,Versuch,NOUN
bei,bei,ADP
meiner,mein,DET
Mutter,Mutter,NOUN
machen,machen,VERB
.,--,PUNCT
Ich,ich,PRON
ging,gehen,VERB
zu,zu,ADP
ihr,ihr,PRON
und,und,CCONJ
bat,bitten,VERB
um,um,ADP
Aufnahme,Aufnahme,NOUN
.,--,PUNCT
Meine,mein,DET
Mutter,Mutter,NOUN
",",--,PUNCT
mein,mein,DET
hübsches,hübsch,ADJ
Gesicht,Gesicht,NOUN
betrachtend,betrachtend,ADV
",",--,PUNCT
ging,gehen,VERB
darauf,darauf,ADV
ein,ein,ADV
.,--,PUNCT
Ich,ich,PRON
versuchte,versuchen,VERB
ein,ein,DET
braves,brav,ADJ
Mädchen,Mädchen,NOUN
zu,zu,PART
sein,sein,AUX
.,--,PUNCT
Und,und,CCONJ
so,so,ADV
trafst,trafst,VERB
du,du,PRON
mich,mich,PRON
.,--,PUNCT
Du,du,PRON
warst,warst,ADV
der,der,DET
erste,erster,ADJ
auf,auf,ADP
Erden,Erde,NOUN
",",--,PUNCT
der,der,PRON
für,für,ADP
mich,mich,PRON
eintrat,eintreten,VERB
:,--,PUNCT
Eine,ein,PRON
grenzenlose,grenzenlos,ADJ
Liebe,Liebe,NOUN
und,und,CCONJ
Dankbarkeit,Dankbarkeit,NOUN
will,wollen,AUX
ich,ich,PRON
dir,dir,PRON
dafür,dafür,ADV
bis,bis,ADP
zum,zu,ADP
Tode,Tod,NOUN
bewahren,bewahren,VERB
.,--,PUNCT
━,━,DET
━,━,PROPN
━,━,PROPN
━,━,DET
━,━,DET
━,━,DET
━,━,DET
━,━,DET
━,━,DET
━,━,DET
━,━,DET
━,━,DET
━,━,DET
━,━,DET
━,━,DET
━,━,DET
━,━,DET
━,━,DET
━,━,DET
━,━,DET
━,━,DET
━,━,DET
━,━,DET
━,━,DET
━,━,DET
━,━,DET
━,━,DET
━,━,DET
━,━,DET
━,━,DET
━,━,DET
━,━,DET
━,━,DET
━,━,DET
━,━,DET
━,━,DET
━,━,DET
━,━,DET
━,━,DET
━,━,DET
━,━,DET
━,━,DET
━,━,DET
━,━,DET
━,━,DET
━,━,DET
━,━,DET
━,━,DET
━,━,DET
━,━,DET
━,━,DET
━,━,DET
━,━,DET
━,━,DET
━,━,DET
━,━,DET
━,━,DET
━,━,DET
━,━,DET
━,━,DET
━,━,DET
━,━,DET
━,━,DET
━,━,DET
━,━,DET
━,━,DET
━,━,DET
━,━,DET
━,━,DET
━,━,DET
━,━,DET
━,━,DET
━,━,DET
━,━,DET
━,━,DET
━,━,PROPN
━,━,PROPN
━,━,PROPN
━,━,PROPN
Aber,aber,CCONJ
diese,dieser,DET
Liebe,Liebe,NOUN
und,und,CCONJ
»,--,PUNCT
Dankbarkeit,Dankbarkeit,NOUN
«,--,PUNCT
wurde,werden,AUX
mir,mir,PRON
lästig,lästig,ADV
.,--,PUNCT
Ich,ich,PRON
schmiedete,schmieden,VERB
im,in,ADP
stillen,still,ADJ
Pläne,Plan,NOUN
",",--,PUNCT
mich,sich,PRON
von,von,ADP
ihr,ihr,PRON
zu,zu,PART
trennen,trennen,VERB
.,--,PUNCT
Endlich,endlich,ADV
fiel,fallen,VERB
es,es,PRON
mir,mir,PRON
ein,ein,ADV
:,--,PUNCT
Ich,ich,PRON
schrieb,schreiben,VERB
meinem,meiner,DET
Vater,Vater,NOUN
",",--,PUNCT
daß,daß,SCONJ
ich,ich,PRON
krank,krank,ADV
sei,sein,AUX
und,und,CCONJ
mich,sich,PRON
in,in,ADP
Kiel,Kiel,PROPN
ein,ein,DET
halbes,halb,ADJ
Jahr,Jahr,NOUN
erholen,erholen,VERB
müsse,müssen,AUX
.,--,PUNCT
Meine,Meine,DET
Eltern,Eltern,NOUN
willigten,willigen,VERB
ein,ein,ADV
",",--,PUNCT
und,und,CCONJ
am,an,ADP
nächsten,nächster,ADJ
Tage,Tag,NOUN
saß,sitzen,VERB
ich,ich,PRON
",",--,PUNCT
ohne,ohne,SCONJ
von,von,ADP
ihr,ihr,PRON
Abschied,Abschied,NOUN
genommen,nehmen,VERB
zu,zu,PART
haben,haben,AUX
",",--,PUNCT
auf,auf,ADP
der,der,DET
Bahn,Bahn,NOUN
.,--,PUNCT
Von,von,ADP
Kiel,Kiel,PROPN
aus,aus,ADP
schrieb,schreiben,VERB
ich,ich,PRON
ihr,ihr,PRON
",",--,PUNCT
daß,daß,SCONJ
ich,ich,PRON
nicht,nicht,PART
mehr,mehr,ADV
zurückkäme,zurückkommen,VERB
;,--,PUNCT
sie,sie,PRON
möchte,möchten,AUX
die,der,DET
Wohnung,Wohnung,NOUN
behalten,behalten,VERB
und,und,CCONJ
Geld,Geld,NOUN
fordern,fordern,VERB
",",--,PUNCT
wann,wann,SCONJ
und,und,CCONJ
wieviel,wieviel,SCONJ
sie,sie,PRON
immer,immer,ADV
gebrauche,gebrauchen,VERB
.,--,PUNCT
Am,an,ADP
dritten,dritter,ADJ
Tage,Tag,NOUN
erhielt,erhalten,VERB
ich,ich,PRON
den,der,DET
einzigen,einzig,ADJ
Brief,Brief,NOUN
",",--,PUNCT
den,der,PRON
sie,sie,PRON
je,je,ADV
an,an,ADP
mich,mich,PRON
geschrieben,schreiben,VERB
hat,haben,AUX
.,--,PUNCT
Er,er,PRON
lautete,lauten,VERB
:,--,PUNCT
Innigst,Innigst,ADV
geliebter,geliebt,ADJ
Fritz,Fritz,NOUN
!,--,PUNCT
Lebe,Lebe,VERB
ich,ich,PRON
denn,denn,ADV
noch,noch,ADV
?,--,PUNCT
Daß,daß,SCONJ
Du,du,PRON
von,von,ADP
mir,mir,PRON
gegangen,gehen,VERB
bist,sein,AUX
was,was,PRON
That,That,PROPN
ich,ich,PRON
Dir,dir,PRON
und,und,CCONJ
hast,haben,AUX
Deine,dein,PROPN
Hanne,Hanne,NOUN
nun,nun,ADV
zu,zu,PART
todt,todt,ADV
gemacht,machen,VERB
will,wollen,AUX
ich,ich,PRON
wie,wie,ADP
ein,ein,DET
jung,jung,ADV
Kätzgen,Kätzg,NOUN
ein,ein,DET
Stein,Stein,NOUN
Nehmen,nehmen,NOUN
und,und,CCONJ
mir,mir,PRON
ins,in,ADP
Wasser,Wasser,NOUN
werfen,werfen,VERB
.,--,PUNCT
Gestern,gestern,ADV
war,sein,AUX
die,der,DET
schlanke,schlank,ADJ
Mile,Mile,NOUN
bei,bei,ADP
mich,mich,PRON
die,der,PRON
sagte,sagen,VERB
die,der,DET
feinen,fein,ADJ
Herrns,Herrn,NOUN
sind,sein,AUX
immer,immer,ADV
so,so,ADV
und,und,CCONJ
lassen,lassen,VERB
die,der,DET
Mädchens,Mädchen,NOUN
sitzen,sitzen,VERB
.,--,PUNCT
Ich,ich,PRON
glaube,glauben,VERB
es,es,PRON
war,sein,AUX
ein,ein,DET
Spaß,Spaß,NOUN
von,von,ADP
Dich,Dich,PRON
innigst,innigst,ADV
geliebter,geliebt,ADJ
Fritz,Fritz,NOUN
.,--,PUNCT
Ich,ich,PRON
warte,warten,VERB
noch,noch,ADV
8,8,NUM
Tage,Tag,NOUN
in,in,ADP
meine,mein,DET
Wohnung,Wohnung,NOUN
.,--,PUNCT
Du,du,PRON
kommst,kommsen,VERB
ja,ja,ADV
dann,dann,ADV
zurück,zurück,ADV
.,--,PUNCT
Das,der,PRON
kann,können,AUX
ich,ich,PRON
nicht,nicht,PART
glauben,glauben,VERB
",",--,PUNCT
daß,daß,SCONJ
Du,Du,PRON
Deine,Deine,PROPN
Hanne,Hanne,NOUN
tödten,tödten,VERB
willst,willst,VERB
.,--,PUNCT
Deine,Deine,VERB
Dich,Dich,X
Innigst,Innigst,ADV
liebende,liebenden,VERB
und,und,CCONJ
küssende,küssend,ADJ
Hanne,Hanne,NOUN
.,--,PUNCT
Ach,ach,INTJ
was,was,PRON
",",--,PUNCT
Frauenzimmerpossen,Frauenzimmerpossa,NOUN
.,--,PUNCT
Die,der,PRON
wird,werden,AUX
schon,schon,ADV
bald,bald,ADV
auf,auf,ADP
meine,mein,DET
Vorschläge,Vorschlag,NOUN
eingehen,eingehen,VERB
",",--,PUNCT
dachte,denken,VERB
ich,ich,PRON
–,--,PUNCT
und,und,CCONJ
warf,werfen,VERB
den,der,DET
Brief,Brief,NOUN
auf,auf,ADP
den,der,DET
Tisch,Tisch,NOUN
.,--,PUNCT
Nach,nach,ADP
fünf,fünf,NUM
Tagen,Tag,NOUN
erhielt,erhalten,VERB
ich,ich,PRON
ein,ein,ADV
Schreiben,schreiben,NOUN
aus,aus,ADP
Hamburg,Hamburg,PROPN
mit,mit,ADP
dem,der,DET
Siegel,Siegel,NOUN
:,--,PUNCT
Allgemeines,Allgemein,ADJ
Krankenhaus,Krankenhaus,NOUN
.,--,PUNCT
Ich,ich,PRON
öffnete,öffnen,VERB
ahnungslos,ahnungslos,ADV
und,und,CCONJ
las,lesen,VERB
die,der,DET
Unterschrift,Unterschrift,NOUN
:,--,PUNCT
Prof.,Prof.,NOUN
Dr.,Dr.,NOUN
Bertuch,Bertuch,NOUN
",",--,PUNCT
Chefarzt,Chefarzt,NOUN
.,--,PUNCT
Und,und,CCONJ
nun,nun,ADV
las,lesen,VERB
ich,ich,PRON
ihn,ihn,PRON
ganz,ganz,ADV
:,--,PUNCT
Geehrter,Geehrter,ADJ
Herr,Herr,NOUN
Fehrs,Fehr,PROPN
!,--,PUNCT
Auf,auf,ADP
die,der,DET
Gefahr,Gefahr,NOUN
hin,hin,ADV
",",--,PUNCT
indiskret,indiskret,ADV
zu,zu,PART
sein,sein,AUX
",",--,PUNCT
kann,können,AUX
ich,ich,PRON
nicht,nicht,PART
umhin,umhin,ADV
",",--,PUNCT
Ihnen,ihnen,PRON
die,der,DET
folgende,folgend,ADJ
Angelegenheit,Angelegenheit,NOUN
ans,an,ADP
Herz,Herz,NOUN
zu,zu,PART
legen,legen,VERB
",",--,PUNCT
um,um,SCONJ
so,so,ADV
dringlicher,dringlicher,ADV
ans,an,ADP
Herz,Herz,NOUN
zu,zu,PART
legen,legen,VERB
",",--,PUNCT
als,als,ADP
vielleicht,vielleicht,ADV
von,von,ADP
ihrem,ihr,DET
Kommen,kommen,NOUN
oder,oder,CCONJ
Nichtkommen,Nichtkomm,NOUN
ein,ein,DET
Menschenleben,Menschenleben,NOUN
abhängt,abhängen,VERB
.,--,PUNCT
Vor,vor,ADP
drei,drei,NUM
Tagen,Tag,NOUN
wurde,werden,AUX
uns,uns,PRON
ein,ein,DET
junges,jung,ADJ
Mädchen,Mädchen,NOUN
im,in,ADP
schwersten,schwer,ADJ
Nervenfieber,Nervenfieber,NOUN
gebracht,bringen,VERB
",",--,PUNCT
das,der,PRON
sich,sich,PRON
bis,bis,ADP
heute,heute,ADV
so,so,ADV
gesteigert,steigern,VERB
hat,haben,AUX
",",--,PUNCT
daß,daß,SCONJ
ich,ich,PRON
das,der,DET
Äußerste,äußerste,NOUN
befürchte,befürchten,VERB
.,--,PUNCT
Euer,euer,DET
Wohlgeboren,Wohlgebor,NOUN
haben,haben,VERB
",",--,PUNCT
wie,wie,SCONJ
ich,ich,PRON
es,es,PRON
an,an,ADP
dieser,dieser,DET
Stelle,Stelle,NOUN
und,und,CCONJ
unter,unter,ADP
den,der,DET
gegenwärtigen,gegenwärtig,ADJ
Umständen,Umstand,NOUN
aussprechen,aussprechen,VERB
darf,dürfen,AUX
",",--,PUNCT
in,in,ADP
näherem,näherem,ADJ
Verhältnis,Verhältnis,NOUN
zu,zu,ADP
dem,der,DET
jungen,jung,ADJ
Mädchen,Mädchen,NOUN
gestanden,gestehen,VERB
.,--,PUNCT
Die,der,DET
mit,mit,ADP
dem,der,DET
Tode,Tod,NOUN
ringende,ringend,ADJ
Kranke,kranke,NOUN
ruft,rufen,VERB
in,in,ADP
den,der,DET
Delirien,Delirie,NOUN
unaufhörlich,unaufhörlich,ADV
Ihren,ihr,DET
Namen,Name,NOUN
",",--,PUNCT
und,und,CCONJ
klagt,klagen,VERB
in,in,ADP
ihren,ihr,DET
Phantasien,Phantasie,NOUN
",",--,PUNCT
daß,daß,SCONJ
Sie,sie,PRON
sie,sie,PRON
verlassen,verlassen,VERB
hätten,haben,AUX
.,--,PUNCT
Eine,ein,DET
Möglichkeit,Möglichkeit,NOUN
der,der,DET
Rettung,Rettung,NOUN
wäre,sein,AUX
",",--,PUNCT
wenn,wenn,SCONJ
Sie,sie,PRON
sich,sich,PRON
persönlich,persönlich,ADV
hier,hier,ADV
einstellen,einstellen,VERB
würden,werden,AUX
.,--,PUNCT
Ich,ich,PRON
stelle,stellen,VERB
daher,daher,ADV
ergebenst,Ergebenst,ADJ
anheim,Anheim,PROPN
",",--,PUNCT
sich,sich,PRON
nach,nach,ADP
der,der,DET
einen,ein,ADJ
oder,oder,CCONJ
anderen,anderer,ADJ
Seite,Seite,NOUN
schleunigst,schleunigst,ADV
entschließen,entschließen,VERB
zu,zu,PART
wollen,wollen,AUX
.,--,PUNCT
Hochachtungsvoll,Hochachtungsvoll,PROPN
p.,p.,PROPN
p.,p.,PROPN
Mit,mit,ADP
dem,der,DET
nächsten,nächster,ADJ
Zuge,Zug,NOUN
schon,schon,ADV
fuhr,fahren,VERB
ich,ich,PRON
nach,nach,ADP
Hamburg,Hamburg,PROPN
.,--,PUNCT
Welche,welcher,PRON
qualvollen,qualvollen,VERB
drei,drei,NUM
Stunden,Stunde,NOUN
.,--,PUNCT
Hatte,haben,AUX
sie,sie,PRON
mich,mich,PRON
denn,denn,ADV
wirklich,wirklich,ADV
geliebt,lieben,VERB
?,--,PUNCT
War,sein,AUX
nicht,nicht,PART
alles,alle,PRON
nur,nur,ADV
»,--,PUNCT
Dankbarkeit,Dankbarkeit,NOUN
«,--,PUNCT
?,--,PUNCT
War,sein,AUX
es,es,PRON
denn,denn,ADV
nicht,nicht,PART
alles,alle,PRON
nur,nur,ADV
befriedigte,befriedigt,ADJ
Eitelkeit,Eitelkeit,NOUN
gewesen,sein,AUX
?,--,PUNCT
Nicht,nicht,PART
nur,nur,ADV
das,der,DET
köstliche,köstlich,ADJ
Gefühl,Gefühl,NOUN
",",--,PUNCT
einmal,einmal,ADV
aus,aus,ADP
den,der,DET
schrecklichen,schrecklich,ADJ
Verhältnissen,Verhältnis,NOUN
",",--,PUNCT
in,in,ADP
denen,der,PRON
sie,sie,PRON
bisher,bisher,ADV
gelebt,leben,VERB
hatte,haben,AUX
",",--,PUNCT
erlöst,erlösen,VERB
zu,zu,PART
sein,sein,AUX
?,--,PUNCT
Am,an,ADP
Klostertorbahnhof,Klostertorbahnhof,NOUN
nahm,nehmen,VERB
ich,ich,PRON
eine,ein,DET
Droschke,Droschke,NOUN
.,--,PUNCT
Dem,der,DET
Kutscher,Kutscher,NOUN
ein,ein,DET
Goldstück,Goldstück,NOUN
reichend,reichend,ADV
",",--,PUNCT
war,sein,AUX
ich,ich,PRON
in,in,ADP
sechs,sechs,NUM
Minuten,Minute,NOUN
am,an,ADP
Mitteltor,Mitteltor,NOUN
des,der,DET
großen,groß,ADJ
Krankenhauses,Krankenhaus,NOUN
.,--,PUNCT
Ich,ich,PRON
sandte,sanden,VERB
dem,der,DET
Chefarzt,Chefarzt,NOUN
meine,mein,DET
Karte,Karte,NOUN
;,--,PUNCT
auf,auf,ADP
der,der,DET
Stelle,Stelle,NOUN
wurde,werden,AUX
ich,ich,PRON
vorgelassen,vorgelassen,VERB
.,--,PUNCT
Ein,ein,DET
feiner,Feiner,NOUN
",",--,PUNCT
blasser,blasser,NOUN
",",--,PUNCT
klar,klar,ADV
und,und,CCONJ
klug,klug,ADV
schauender,schauend,ADJ
Greis,Greis,NOUN
streckte,strecken,VERB
mir,mir,PRON
die,der,DET
Hand,Hand,NOUN
entgegen,entgegen,ADP
:,--,PUNCT
»,--,PUNCT
Ich,ich,PRON
wußte,wissen,VERB
",",--,PUNCT
daß,daß,SCONJ
Sie,sie,PRON
kommen,kommen,VERB
würden,werden,AUX
",",--,PUNCT
Herr,Herr,NOUN
Fehrs,Fehr,PROPN
.,--,PUNCT
Ich,ich,PRON
werde,werden,AUX
selbst,selbst,ADV
mit,mit,ADP
Ihnen,ihnen,PRON
auf,auf,ADP
Nummer,Nummer,NOUN
243,243,NUM
gehen,gehen,VERB
.,--,PUNCT
Vor,vor,ADP
der,der,DET
Tür,Tür,NOUN
lassen,lassen,VERB
Sie,sie,PRON
mich,sich,PRON
auf,auf,ADP
einen,ein,DET
Augenblick,Augenblick,NOUN
hinein,hinein,ADV
.,--,PUNCT
Ich,ich,PRON
muß,müssen,AUX
sehen,sehen,VERB
",",--,PUNCT
wie,wie,SCONJ
es,es,PRON
steht,stehen,VERB
.,--,PUNCT
Vielleicht,vielleicht,ADV
kann,können,AUX
ich,ich,PRON
Schwester,Schwester,NOUN
Toni,Toni,PROPN
und,und,CCONJ
die,der,DET
Wärterinnen,Wärterinne,NOUN
auf,auf,ADP
einige,einiger,DET
Minuten,Minute,NOUN
entlassen,entlassen,VERB
.,--,PUNCT
«,--,PUNCT
Wir,wir,PRON
gingen,gehen,VERB
durch,durch,ADP
endlose,endlos,ADJ
Korridore,Korridore,NOUN
.,--,PUNCT
Endlich,endlich,ADV
blieben,bleiben,VERB
wir,wir,PRON
halten,halten,VERB
:,--,PUNCT
»,--,PUNCT
Bitte,bitte,PART
",",--,PUNCT
bleiben,bleiben,VERB
Sie,sie,PRON
hier,hier,ADV
",",--,PUNCT
bis,bis,SCONJ
ich,ich,PRON
wiederkomme,wiederkommen,VERB
.,--,PUNCT
«,--,PUNCT
Es,es,PRON
war,sein,AUX
unheimlich,unheimlich,ADV
still,still,ADV
in,in,ADP
dem,der,DET
großen,groß,ADJ
Gebäude,Gebäude,NOUN
.,--,PUNCT
Der,der,DET
Professor,Professor,NOUN
öffnete,öffnen,VERB
die,der,DET
Tür,Tür,NOUN
und,und,CCONJ
winkte,winken,VERB
:,--,PUNCT
»,--,PUNCT
Sie,sie,PRON
ist,sein,AUX
bei,bei,ADP
Besinnung,Besinnung,NOUN
und,und,CCONJ
wird,werden,AUX
Sie,sie,PRON
erkennen,erkennen,VERB
.,--,PUNCT
Äußern,Äußern,VERB
Sie,sie,PRON
sich,sich,PRON
nicht,nicht,PART
laut,laut,ADV
und,und,CCONJ
stürmisch,stürmisch,ADV
.,--,PUNCT
Behalten,Behalten,VERB
Sie,sie,PRON
Ihre,ihr,DET
Ruhe,Ruhe,NOUN
.,--,PUNCT
«,--,PUNCT
Und,und,CCONJ
dann,dann,ADV
waren,sein,AUX
wir,wir,PRON
im,in,ADP
Krankenzimmer,Krankenzimmer,NOUN
.,--,PUNCT
In,in,ADP
einem,ein,DET
Bett,Bett,NOUN
mit,mit,ADP
weißen,weiß,ADJ
Überzügen,Überzüg,NOUN
lag,liegen,VERB
Hanne,Hanne,NOUN
.,--,PUNCT
Die,der,DET
Arme,Arm,NOUN
lagen,liegen,VERB
bloß,bloß,ADV
auf,auf,ADP
der,der,DET
Decke,Decke,NOUN
.,--,PUNCT
Aus,aus,ADP
den,der,DET
schwarzen,schwarz,ADJ
kurzen,kurz,ADJ
Haaren,Haar,NOUN
funkelten,funkeln,VERB
die,der,DET
Brillantohrringe,Brillantohrring,NOUN
",",--,PUNCT
die,der,PRON
ich,ich,PRON
ihr,ihr,PRON
geschenkt,schenken,VERB
hatte,haben,AUX
.,--,PUNCT
Das,der,DET
blasse,blass,ADJ
Gesicht,Gesicht,NOUN
lag,liegen,VERB
",",--,PUNCT
etwas,etwas,PRON
zur,zu,ADP
Seite,Seite,NOUN
geneigt,neigen,VERB
",",--,PUNCT
in,in,ADP
den,der,DET
Kissen,Kissen,NOUN
...,--,PUNCT
Nun,nun,ADV
wandten,wenden,VERB
sich,sich,PRON
die,der,DET
grünen,grüne,NOUN
Eidechsenaugen,Eidechsenaug,NOUN
langsam,langsam,ADV
–,--,PUNCT
ach,ach,ADP
so,so,ADV
schwer,schwer,ADV
–,--,PUNCT
zu,zu,ADP
mir,mir,PRON
.,--,PUNCT
Ich,ich,PRON
hielt,halten,VERB
mich,sich,PRON
nicht,nicht,PART
länger,lang,ADV
und,und,CCONJ
brach,brechen,VERB
an,an,ADP
ihrem,ihr,DET
Bette,Bette,NOUN
schluchzend,schluchzend,ADV
nieder,nieder,ADV
...,--,PUNCT
Und,und,CCONJ
eine,ein,DET
schwache,schwach,ADJ
Stimme,Stimme,NOUN
sagte,sagen,VERB
:,--,PUNCT
»,--,PUNCT
Ja,ja,PART
",",--,PUNCT
liebest,liebest,VERB
du,du,PRON
mich,mich,PRON
denn,denn,ADV
?,--,PUNCT
«,--,PUNCT
(,--,PUNCT
Sie,sie,PRON
sprach,sprechen,VERB
merkwürdigerweise,Merkwürdigerweise,ADV
lieb,Lieb,VERB
»,--,PUNCT
e,e,X
«,--,PUNCT
st,st,X
statt,statt,ADP
liebst,liebst,ADV
.,--,PUNCT
),--,PUNCT
Ich,ich,PRON
konnte,können,AUX
nicht,nicht,PART
antworten,antworten,VERB
",",--,PUNCT
ich,ich,PRON
mußte,müssen,AUX
bitterlich,bitterlich,ADV
weinen,weinen,VERB
.,--,PUNCT
Ihre,ihr,DET
weißen,weiß,ADJ
Hände,Hand,NOUN
umfaßten,umfaßn,VERB
die,der,DET
meinigen,Meinige,NOUN
.,--,PUNCT
Sie,sie,PRON
zog,ziehen,VERB
sie,sie,PRON
an,an,ADP
ihre,ihr,DET
Lippen,Lippe,NOUN
und,und,CCONJ
küßte,küssen,VERB
sie,sie,PRON
.,--,PUNCT
»,--,PUNCT
Hanne,Hanne,NOUN
",",--,PUNCT
Hanneken,Hanneke,NOUN
",",--,PUNCT
ich,ich,PRON
bleibe,bleiben,VERB
ja,ja,ADV
bei,bei,ADP
dir,dir,PRON
...,--,PUNCT
Ich,ich,PRON
gehe,gehen,VERB
nicht,nicht,PART
wieder,wieder,ADV
weg,weg,ADV
...,--,PUNCT
«,--,PUNCT
Das,der,DET
Mädchen,Mädchen,NOUN
sah,sehen,VERB
mich,mich,PRON
seltsam,seltsam,ADV
",",--,PUNCT
groß,groß,ADV
",",--,PUNCT
glückselig,glückselig,ADV
an,an,ADP
;,--,PUNCT
dann,dann,ADV
fielen,fallen,VERB
die,der,DET
Lider,Lider,NOUN
.,--,PUNCT
Der,der,DET
Arzt,Arzt,NOUN
führte,führen,VERB
mich,mich,PRON
sanft,sanft,ADV
aus,aus,ADP
dem,der,DET
Zimmer,Zimmer,NOUN
.,--,PUNCT
Es,es,PRON
wurde,werden,AUX
mir,mir,PRON
erlaubt,erlauben,VERB
",",--,PUNCT
die,der,DET
Nacht,Nacht,NOUN
bei,bei,ADP
ihr,ihr,PRON
zu,zu,PART
wachen,wachen,VERB
.,--,PUNCT
Sie,sie,PRON
kam,kommen,VERB
nicht,nicht,PART
wieder,wieder,ADV
zur,zu,ADP
Besinnung,Besinnung,NOUN
.,--,PUNCT
Am,an,ADP
anderen,anderer,ADJ
Morgen,Morgen,NOUN
nahm,nehmen,VERB
sie,sie,PRON
mir,mir,PRON
der,der,DET
gutmütige,gutmütig,ADJ
alte,alt,ADJ
Knochenmann,Knochenmann,NOUN
still,still,ADV
aus,aus,ADP
den,der,DET
Armen,arme,NOUN
...,--,PUNCT
Und,und,CCONJ
der,der,DET
Herbstmorgen,Herbstmorg,NOUN
war,sein,AUX
doch,doch,ADV
so,so,ADV
schön,schön,ADV
",",--,PUNCT
so,so,ADV
frisch,frisch,ADV
",",--,PUNCT
so,so,ADV
köstlich,köstlich,ADV
.,--,PUNCT
Durch,durch,ADP
das,der,DET
geöffnete,geöffnet,ADJ
Fenster,Fenster,NOUN
hörte,hören,VERB
ich,ich,PRON
fröhliche,fröhlich,ADJ
Kinderstimmen,Kinderstimm,NOUN
im,in,ADP
Garten,Garten,NOUN
.,--,PUNCT
Die,der,DET
Alsterdampfschiffe,Alsterdampfschiff,NOUN
sandten,sanden,VERB
ihre,ihr,DET
Pfiffe,Pfiff,NOUN
.,--,PUNCT
Die,der,DET
Straßenbahnschellen,Straßenbahnschelle,NOUN
klangen,klangen,VERB
leise,leise,ADV
herüber,herüber,ADV
.,--,PUNCT
In,in,ADP
den,der,DET
Linden,Linden,PROPN
hatten,haben,AUX
sich,sich,PRON
Hunderte,Hundert,NOUN
von,von,ADP
schwatzenden,schwatzend,ADJ
Staren,Star,NOUN
versammelt,versammeln,VERB
.,--,PUNCT
..,..,X
und,und,CCONJ
in,in,ADP
all,all,DET
dieser,dieser,DET
Herrlichkeit,Herrlichkeit,NOUN
und,und,CCONJ
Fröhlichkeit,Fröhlichkeit,NOUN
mußte,müssen,AUX
das,der,DET
schöne,schön,ADJ
Mädchen,Mädchen,NOUN
von,von,ADP
der,der,DET
Erde,Erde,NOUN
.,--,PUNCT
